query	runtime_sec	exit_code	hits
s3-0000-0000	346	0	3538
s3-0000-0001	291	0	1615
s3-0000-0002	344	0	3524
s3-0000-0003	415	0	6048
s3-0000-0004	319	0	2454
s3-0000-0005	337	0	3427
s3-0000-0006	410	0	5716
s3-0000-0007	237	0	0
s3-0001-0000	436	0	6618
s3-0001-0001	373	0	4399
s3-0001-0002	425	0	6245
s3-0001-0003	320	0	1890
s3-0001-0004	388	0	4925
s3-0001-0005	413	0	5580
s3-0001-0006	461	0	7979
s3-0001-0007	288	0	1339
s3-0002-0000	452	0	7013
s3-0002-0001	404	0	5668
s3-0002-0002	464	0	7159
s3-0002-0003	465	0	7943
s3-0002-0004	421	0	5850
s3-0002-0005	355	0	2740
s3-0002-0006	465	0	8056
s3-0002-0007	470	0	8185
s3-0003-0000	369	0	4079
s3-0003-0001	324	0	2517
s3-0003-0002	374	0	4467
s3-0003-0003	366	0	4010
s3-0003-0004	302	0	1928
s3-0003-0005	389	0	5123
s3-0003-0006	380	0	4448
s3-0003-0007	239	0	1
s3-0004-0000	540	0	6799
s3-0004-0001	440	0	4622
s3-0004-0002	483	0	6248
s3-0004-0003	530	0	7833
s3-0004-0004	442	0	4661
s3-0004-0005	474	0	5593
s3-0004-0006	391	0	2020
s3-0004-0007	418	0	1377
s4-0000-0000	244	0	34
s4-0000-0001	238	0	10
s4-0000-0002	233	0	9
s4-0000-0003	236	0	42
s4-0000-0004	241	0	16
s4-0000-0005	44	0	176
s4-0000-0006	39	0	15
s4-0000-0007	39	0	0
s4-0000-0008	38	0	4
s4-0000-0009	70	0	5
s4-0000-0010	38	0	1
s4-0000-0011	38	0	2
s4-0000-0012	31	0	7
s4-0000-0013	31	0	3
s4-0000-0014	32	0	0
s4-0000-0015	31	0	0
s4-0001-0000	49	0	78
s4-0001-0001	48	0	63
s4-0001-0002	42	0	9
s4-0001-0003	43	0	6
s4-0001-0004	89	0	20
s4-0001-0005	60	0	389
s4-0001-0006	50	0	50
s4-0001-0007	39	0	0
s4-0001-0008	39	0	7
s4-0001-0009	39	0	3
s4-0001-0010	42	0	1
s4-0001-0011	41	0	0
s4-0001-0012	42	0	2
s4-0001-0013	44	0	0
s4-0001-0014	52	0	1
s4-0001-0015	55	0	0
s4-0002-0000	61	0	1249
s4-0002-0001	81	0	386
s4-0002-0002	40	0	287
s4-0002-0003	42	0	321
s4-0002-0004	47	0	466
s4-0002-0005	40	0	145
s4-0002-0006	64	0	1794
s4-0002-0007	46	0	911
s4-0002-0008	35	0	285
s4-0002-0009	32	0	67
s4-0002-0010	64	0	1624
s4-0002-0011	31	0	20
s4-0002-0012	267	0	873
s4-0002-0013	253	0	373
s4-0002-0014	68	0	0
s4-0002-0015	227	0	0
s4-0003-0000	247	0	195
s4-0003-0001	240	0	48
s4-0003-0002	231	0	61
s4-0003-0003	232	0	10
s4-0003-0004	36	0	140
s4-0003-0005	35	0	96
s4-0003-0006	45	0	620
s4-0003-0007	31	0	47
s4-0003-0008	33	0	72
s4-0003-0009	32	0	11
s4-0003-0010	35	0	39
s4-0003-0011	30	0	3
s4-0003-0012	36	0	191
s4-0003-0013	232	0	79
s4-0003-0014	31	0	0
s4-0003-0015	231	0	0
s4-0004-0000	54	0	157
s4-0004-0001	88	0	30
s4-0004-0002	289	0	47
s4-0004-0003	40	0	115
s4-0004-0004	41	0	29
s4-0004-0005	45	0	223
s4-0004-0006	42	0	29
s4-0004-0007	289	0	0
s4-0004-0008	284	0	37
s4-0004-0009	40	0	9
s4-0004-0010	296	0	2
s4-0004-0011	284	0	2
s4-0004-0012	42	0	4
s4-0004-0013	48	0	84
s4-0004-0014	54	0	0
s4-0004-0015	55	0	2
s4-0005-0000	34	0	49
s4-0005-0001	230	0	8
s4-0005-0002	231	0	8
s4-0005-0003	218	0	4
s4-0005-0004	30	0	25
s4-0005-0005	235	0	68
s4-0005-0006	242	0	162
s4-0005-0007	69	0	32
s4-0005-0008	232	0	13
s4-0005-0009	30	0	1
s4-0005-0010	32	0	5
s4-0005-0011	32	0	3
s4-0005-0012	248	0	123
s4-0005-0013	232	0	0
s4-0005-0014	32	0	0
s4-0005-0015	237	0	0
s4-0006-0000	33	0	34
s4-0006-0001	32	0	10
s4-0006-0002	231	0	9
s4-0006-0003	240	0	42
s4-0006-0004	233	0	16
s4-0006-0005	38	0	176
s4-0006-0006	30	0	15
s4-0006-0007	31	0	0
s4-0006-0008	229	0	4
s4-0006-0009	231	0	5
s4-0006-0010	31	0	1
s4-0006-0011	233	0	2
s4-0006-0012	227	0	7
s4-0006-0013	235	0	3
s4-0006-0014	31	0	0
s4-0006-0015	32	0	0
s4-0007-0000	285	0	963
s4-0007-0001	33	0	179
s4-0007-0002	32	0	145
s4-0007-0003	71	0	243
s4-0007-0004	34	0	212
s4-0007-0005	252	0	58
s4-0007-0006	54	0	1547
s4-0007-0007	264	0	768
s4-0007-0008	244	0	167
s4-0007-0009	260	0	726
s4-0007-0010	301	0	1419
s4-0007-0011	32	0	0
s4-0007-0012	260	0	438
s4-0007-0013	270	0	759
s4-0007-0014	32	0	0
s4-0007-0015	231	0	0
s4-0008-0000	286	0	1174
s4-0008-0001	252	0	286
s4-0008-0002	36	0	241
s4-0008-0003	240	0	50
s4-0008-0004	259	0	415
s4-0008-0005	35	0	97
s4-0008-0006	297	0	1908
s4-0008-0007	268	0	365
s4-0008-0008	252	0	329
s4-0008-0009	47	0	812
s4-0008-0010	300	0	1592
s4-0008-0011	241	0	17
s4-0008-0012	280	0	838
s4-0008-0013	58	0	1551
s4-0008-0014	32	0	0
s4-0008-0015	31	0	0
s4-0009-0000	309	0	1292
s4-0009-0001	37	0	242
s4-0009-0002	43	0	790
s4-0009-0003	261	0	551
s4-0009-0004	86	0	398
s4-0009-0005	109	0	3439
s4-0009-0006	45	0	310
s4-0009-0007	31	0	0
s4-0009-0008	50	0	501
s4-0009-0009	240	0	49
s4-0009-0010	276	0	313
s4-0009-0011	45	0	213
s4-0009-0012	47	0	308
s4-0009-0013	39	0	365
s4-0009-0014	234	0	109
s4-0009-0015	32	0	0
s4-0010-0000	271	0	394
s4-0010-0001	244	0	139
s4-0010-0002	247	0	155
s4-0010-0003	239	0	47
s4-0010-0004	46	0	210
s4-0010-0005	39	0	36
s4-0010-0006	262	0	579
s4-0010-0007	81	0	185
s4-0010-0008	43	0	198
s4-0010-0009	238	0	158
s4-0010-0010	283	0	926
s4-0010-0011	40	0	48
s4-0010-0012	52	0	575
s4-0010-0013	275	0	816
s4-0010-0014	233	0	0
s4-0010-0015	233	0	0
s4-0011-0000	265	0	636
s4-0011-0001	248	0	149
s4-0011-0002	243	0	199
s4-0011-0003	238	0	37
s4-0011-0004	36	0	340
s4-0011-0005	250	0	299
s4-0011-0006	47	0	919
s4-0011-0007	32	0	53
s4-0011-0008	242	0	235
s4-0011-0009	239	0	45
s4-0011-0010	59	0	1628
s4-0011-0011	34	0	91
s4-0011-0012	261	0	586
s4-0011-0013	241	0	175
s4-0011-0014	229	0	0
s4-0011-0015	236	0	0
s4-0012-0000	53	0	178
s4-0012-0001	48	0	32
s4-0012-0002	42	0	58
s4-0012-0003	83	0	119
s4-0012-0004	42	0	36
s4-0012-0005	47	0	236
s4-0012-0006	299	0	39
s4-0012-0007	289	0	0
s4-0012-0008	283	0	49
s4-0012-0009	39	0	10
s4-0012-0010	296	0	5
s4-0012-0011	42	0	2
s4-0012-0012	303	0	9
s4-0012-0013	312	0	93
s4-0012-0014	54	0	0
s4-0012-0015	52	0	2
s4-0013-0000	286	0	1218
s4-0013-0001	39	0	367
s4-0013-0002	248	0	270
s4-0013-0003	248	0	275
s4-0013-0004	260	0	437
s4-0013-0005	253	0	140
s4-0013-0006	290	0	1780
s4-0013-0007	264	0	899
s4-0013-0008	37	0	270
s4-0013-0009	238	0	62
s4-0013-0010	77	0	1614
s4-0013-0011	36	0	18
s4-0013-0012	267	0	847
s4-0013-0013	257	0	351
s4-0013-0014	32	0	0
s4-0013-0015	236	0	0
s4-0014-0000	95	0	741
s4-0014-0001	44	0	189
s4-0014-0002	46	0	282
s4-0014-0003	39	0	30
s4-0014-0004	243	0	171
s4-0014-0005	313	0	2940
s4-0014-0006	34	0	22
s4-0014-0007	243	0	142
s4-0014-0008	39	0	188
s4-0014-0009	242	0	258
s4-0014-0010	312	0	2921
s4-0014-0011	31	0	19
s4-0014-0012	36	0	370
s4-0014-0013	30	0	0
s4-0014-0014	232	0	129
s4-0014-0015	32	0	0
s4-0015-0000	37	0	352
s4-0015-0001	238	0	105
s4-0015-0002	234	0	234
s4-0015-0003	234	0	69
s4-0015-0004	34	0	217
s4-0015-0005	239	0	211
s4-0015-0006	259	0	879
s4-0015-0007	33	0	110
s4-0015-0008	33	0	159
s4-0015-0009	230	0	24
s4-0015-0010	264	0	790
s4-0015-0011	240	0	34
s4-0015-0012	41	0	499
s4-0015-0013	34	0	94
s4-0015-0014	69	0	0
s4-0015-0015	232	0	0
s4-0016-0000	45	0	599
s4-0016-0001	34	0	124
s4-0016-0002	238	0	176
s4-0016-0003	251	0	562
s4-0016-0004	36	0	225
s4-0016-0005	243	0	48
s4-0016-0006	32	0	53
s4-0016-0007	241	0	185
s4-0016-0008	241	0	263
s4-0016-0009	242	0	166
s4-0016-0010	316	0	2550
s4-0016-0011	237	0	1
s4-0016-0012	251	0	433
s4-0016-0013	36	0	180
s4-0016-0014	35	0	245
s4-0016-0015	224	0	0
s4-0017-0000	352	0	3572
s4-0017-0001	289	0	2040
s4-0017-0002	69	0	2026
s4-0017-0003	72	0	2309
s4-0017-0004	311	0	2448
s4-0017-0005	52	0	888
s4-0017-0006	45	0	563
s4-0017-0007	91	0	951
s4-0017-0008	63	0	1779
s4-0017-0009	42	0	533
s4-0017-0010	118	0	4410
s4-0017-0011	62	0	1332
s4-0017-0012	80	0	2768
s4-0017-0013	65	0	1445
s4-0017-0014	250	0	444
s4-0017-0015	247	0	287
s4-0018-0000	269	0	838
s4-0018-0001	251	0	350
s4-0018-0002	242	0	300
s4-0018-0003	45	0	452
s4-0018-0004	246	0	322
s4-0018-0005	245	0	112
s4-0018-0006	34	0	30
s4-0018-0007	241	0	171
s4-0018-0008	244	0	248
s4-0018-0009	244	0	284
s4-0018-0010	331	0	3042
s4-0018-0011	237	0	0
s4-0018-0012	245	0	268
s4-0018-0013	81	0	776
s4-0018-0014	236	0	179
s4-0018-0015	226	0	0
s4-0019-0000	325	0	2906
s4-0019-0001	52	0	1212
s4-0019-0002	280	0	1388
s4-0019-0003	245	0	353
s4-0019-0004	56	0	1625
s4-0019-0005	90	0	3590
s4-0019-0006	255	0	399
s4-0019-0007	39	0	297
s4-0019-0008	277	0	1321
s4-0019-0009	234	0	275
s4-0019-0010	95	0	4117
s4-0019-0011	260	0	566
s4-0019-0012	305	0	2046
s4-0019-0013	264	0	875
s4-0019-0014	243	0	323
s4-0019-0015	31	0	3
s4-0020-0000	108	0	3000
s4-0020-0001	392	0	1399
s4-0020-0002	72	0	1624
s4-0020-0003	48	0	366
s4-0020-0004	363	0	1658
s4-0020-0005	410	0	3719
s4-0020-0006	160	0	3497
s4-0020-0007	314	0	319
s4-0020-0008	68	0	1278
s4-0020-0009	309	0	344
s4-0020-0010	434	0	4122
s4-0020-0011	325	0	569
s4-0020-0012	330	0	412
s4-0020-0013	349	0	623
s4-0020-0014	382	0	333
s4-0020-0015	381	0	236
s4-0021-0000	44	0	463
s4-0021-0001	248	0	84
s4-0021-0002	242	0	121
s4-0021-0003	238	0	35
s4-0021-0004	233	0	126
s4-0021-0005	38	0	284
s4-0021-0006	242	0	35
s4-0021-0007	33	0	51
s4-0021-0008	36	0	226
s4-0021-0009	33	0	153
s4-0021-0010	65	0	1828
s4-0021-0011	39	0	283
s4-0021-0012	45	0	476
s4-0021-0013	31	0	0
s4-0021-0014	244	0	180
s4-0021-0015	31	0	0
s4-0022-0000	54	0	661
s4-0022-0001	256	0	123
s4-0022-0002	38	0	249
s4-0022-0003	47	0	753
s4-0022-0004	268	0	340
s4-0022-0005	272	0	275
s4-0022-0006	267	0	415
s4-0022-0007	30	0	0
s4-0022-0008	266	0	276
s4-0022-0009	240	0	34
s4-0022-0010	39	0	98
s4-0022-0011	276	0	328
s4-0022-0012	267	0	436
s4-0022-0013	246	0	86
s4-0022-0014	36	0	119
s4-0022-0015	239	0	0
s4-0023-0000	353	0	143
s4-0023-0001	334	0	36
s4-0023-0002	293	0	54
s4-0023-0003	287	0	54
s4-0023-0004	43	0	48
s4-0023-0005	294	0	15
s4-0023-0006	41	0	14
s4-0023-0007	42	0	6
s4-0023-0008	290	0	44
s4-0023-0009	289	0	28
s4-0023-0010	124	0	1620
s4-0023-0011	41	0	0
s4-0023-0012	309	0	24
s4-0023-0013	45	0	13
s4-0023-0014	54	0	65
s4-0023-0015	357	0	0
s4-0024-0000	279	0	641
s4-0024-0001	33	0	75
s4-0024-0002	35	0	284
s4-0024-0003	31	0	18
s4-0024-0004	251	0	136
s4-0024-0005	84	0	2995
s4-0024-0006	241	0	72
s4-0024-0007	234	0	16
s4-0024-0008	46	0	217
s4-0024-0009	243	0	49
s4-0024-0010	264	0	112
s4-0024-0011	40	0	22
s4-0024-0012	49	0	339
s4-0024-0013	31	0	0
s4-0024-0014	41	0	57
s4-0024-0015	237	0	0
s4-0025-0000	95	0	3555
s4-0025-0001	60	0	1467
s4-0025-0002	298	0	1934
s4-0025-0003	255	0	537
s4-0025-0004	78	0	2088
s4-0025-0005	288	0	761
s4-0025-0006	338	0	3374
s4-0025-0007	52	0	1155
s4-0025-0008	310	0	2119
s4-0025-0009	288	0	1717
s4-0025-0010	59	0	792
s4-0025-0011	271	0	575
s4-0025-0012	117	0	2145
s4-0025-0013	73	0	2000
s4-0025-0014	337	0	3308
s4-0025-0015	293	0	1711
s4-0026-0000	107	0	4056
s4-0026-0001	73	0	2198
s4-0026-0002	82	0	3057
s4-0026-0003	320	0	3159
s4-0026-0004	335	0	3080
s4-0026-0005	57	0	1062
s4-0026-0006	340	0	3899
s4-0026-0007	328	0	3264
s4-0026-0008	82	0	2366
s4-0026-0009	266	0	836
s4-0026-0010	310	0	1224
s4-0026-0011	304	0	1577
s4-0026-0012	323	0	2838
s4-0026-0013	69	0	1500
s4-0026-0014	343	0	3659
s4-0026-0015	338	0	3228
s4-0027-0000	255	0	292
s4-0027-0001	241	0	54
s4-0027-0002	238	0	86
s4-0027-0003	233	0	15
s4-0027-0004	244	0	84
s4-0027-0005	249	0	135
s4-0027-0006	35	0	67
s4-0027-0007	233	0	0
s4-0027-0008	37	0	172
s4-0027-0009	237	0	63
s4-0027-0010	75	0	55
s4-0027-0011	33	0	32
s4-0027-0012	250	0	397
s4-0027-0013	33	0	0
s4-0027-0014	238	0	56
s4-0027-0015	32	0	0
s4-0028-0000	38	0	195
s4-0028-0001	32	0	43
s4-0028-0002	230	0	95
s4-0028-0003	33	0	25
s4-0028-0004	233	0	54
s4-0028-0005	243	0	23
s4-0028-0006	238	0	18
s4-0028-0007	232	0	8
s4-0028-0008	237	0	54
s4-0028-0009	29	0	10
s4-0028-0010	301	0	1702
s4-0028-0011	233	0	16
s4-0028-0012	242	0	127
s4-0028-0013	238	0	35
s4-0028-0014	32	0	0
s4-0028-0015	31	0	0
s4-0029-0000	51	0	90
s4-0029-0001	50	0	28
s4-0029-0002	284	0	23
s4-0029-0003	282	0	14
s4-0029-0004	41	0	32
s4-0029-0005	40	0	11
s4-0029-0006	296	0	14
s4-0029-0007	85	0	8
s4-0029-0008	289	0	45
s4-0029-0009	288	0	87
s4-0029-0010	51	0	225
s4-0029-0011	40	0	0
s4-0029-0012	45	0	18
s4-0029-0013	43	0	23
s4-0029-0014	358	0	6
s4-0029-0015	54	0	0
s4-0030-0000	52	0	81
s4-0030-0001	325	0	63
s4-0030-0002	40	0	53
s4-0030-0003	311	0	338
s4-0030-0004	43	0	30
s4-0030-0005	300	0	36
s4-0030-0006	43	0	36
s4-0030-0007	39	0	0
s4-0030-0008	83	0	20
s4-0030-0009	276	0	9
s4-0030-0010	289	0	7
s4-0030-0011	41	0	6
s4-0030-0012	44	0	10
s4-0030-0013	42	0	7
s4-0030-0014	357	0	1
s4-0030-0015	55	0	0
s4-0031-0000	49	0	28
s4-0031-0001	49	0	2
s4-0031-0002	40	0	7
s4-0031-0003	286	0	11
s4-0031-0004	41	0	20
s4-0031-0005	40	0	65
s4-0031-0006	311	0	153
s4-0031-0007	294	0	0
s4-0031-0008	292	0	14
s4-0031-0009	285	0	1
s4-0031-0010	297	0	8
s4-0031-0011	290	0	0
s4-0031-0012	310	0	4
s4-0031-0013	306	0	1
s4-0031-0014	54	0	0
s4-0031-0015	363	0	0
s4-0032-0000	301	0	1172
s4-0032-0001	44	0	484
s4-0032-0002	78	0	435
s4-0032-0003	274	0	845
s4-0032-0004	46	0	434
s4-0032-0005	37	0	117
s4-0032-0006	265	0	696
s4-0032-0007	50	0	925
s4-0032-0008	38	0	330
s4-0032-0009	235	0	72
s4-0032-0010	319	0	2454
s4-0032-0011	243	0	97
s4-0032-0012	276	0	667
s4-0032-0013	267	0	239
s4-0032-0014	235	0	0
s4-0032-0015	229	0	0
s4-0033-0000	277	0	641
s4-0033-0001	257	0	263
s4-0033-0002	242	0	232
s4-0033-0003	243	0	59
s4-0033-0004	266	0	564
s4-0033-0005	36	0	215
s4-0033-0006	271	0	457
s4-0033-0007	37	0	232
s4-0033-0008	39	0	252
s4-0033-0009	34	0	139
s4-0033-0010	336	0	3008
s4-0033-0011	45	0	461
s4-0033-0012	267	0	402
s4-0033-0013	249	0	133
s4-0033-0014	235	0	0
s4-0033-0015	30	0	0
s4-0034-0000	65	0	1118
s4-0034-0001	84	0	265
s4-0034-0002	50	0	308
s4-0034-0003	240	0	79
s4-0034-0004	54	0	483
s4-0034-0005	46	0	121
s4-0034-0006	271	0	726
s4-0034-0007	49	0	293
s4-0034-0008	49	0	367
s4-0034-0009	255	0	297
s4-0034-0010	347	0	3420
s4-0034-0011	260	0	340
s4-0034-0012	263	0	515
s4-0034-0013	253	0	322
s4-0034-0014	29	0	0
s4-0034-0015	240	0	0
s4-0035-0000	43	0	822
s4-0035-0001	33	0	145
s4-0035-0002	32	0	133
s4-0035-0003	37	0	567
s4-0035-0004	38	0	240
s4-0035-0005	37	0	48
s4-0035-0006	86	0	465
s4-0035-0007	50	0	661
s4-0035-0008	44	0	159
s4-0035-0009	47	0	246
s4-0035-0010	72	0	2343
s4-0035-0011	31	0	0
s4-0035-0012	35	0	326
s4-0035-0013	241	0	196
s4-0035-0014	234	0	0
s4-0035-0015	231	0	0
s4-0036-0000	244	0	149
s4-0036-0001	230	0	27
s4-0036-0002	31	0	16
s4-0036-0003	30	0	5
s4-0036-0004	31	0	47
s4-0036-0005	52	0	411
s4-0036-0006	230	0	56
s4-0036-0007	36	0	61
s4-0036-0008	33	0	13
s4-0036-0009	30	0	1
s4-0036-0010	70	0	11
s4-0036-0011	236	0	0
s4-0036-0012	39	0	184
s4-0036-0013	30	0	0
s4-0036-0014	230	0	0
s4-0036-0015	232	0	0
s4-0037-0000	276	0	1302
s4-0037-0001	246	0	316
s4-0037-0002	241	0	461
s4-0037-0003	31	0	50
s4-0037-0004	256	0	774
s4-0037-0005	323	0	3384
s4-0037-0006	248	0	598
s4-0037-0007	229	0	75
s4-0037-0008	36	0	352
s4-0037-0009	232	0	44
s4-0037-0010	85	0	3524
s4-0037-0011	246	0	286
s4-0037-0012	39	0	551
s4-0037-0013	255	0	664
s4-0037-0014	226	0	0
s4-0037-0015	30	0	0
s4-0038-0000	337	0	90
s4-0038-0001	332	0	67
s4-0038-0002	41	0	56
s4-0038-0003	292	0	342
s4-0038-0004	288	0	33
s4-0038-0005	293	0	38
s4-0038-0006	296	0	43
s4-0038-0007	290	0	0
s4-0038-0008	288	0	25
s4-0038-0009	39	0	10
s4-0038-0010	292	0	8
s4-0038-0011	278	0	6
s4-0038-0012	304	0	10
s4-0038-0013	304	0	7
s4-0038-0014	54	0	1
s4-0038-0015	54	0	0
s4-0039-0000	339	0	100
s4-0039-0001	87	0	27
s4-0039-0002	282	0	37
s4-0039-0003	45	0	108
s4-0039-0004	287	0	29
s4-0039-0005	40	0	12
s4-0039-0006	40	0	7
s4-0039-0007	300	0	27
s4-0039-0008	280	0	12
s4-0039-0009	284	0	35
s4-0039-0010	43	0	36
s4-0039-0011	42	0	0
s4-0039-0012	43	0	9
s4-0039-0013	43	0	23
s4-0039-0014	359	0	4
s4-0039-0015	364	0	0
s4-0040-0000	51	0	75
s4-0040-0001	336	0	99
s4-0040-0002	41	0	35
s4-0040-0003	296	0	251
s4-0040-0004	290	0	25
s4-0040-0005	280	0	17
s4-0040-0006	85	0	13
s4-0040-0007	45	0	93
s4-0040-0008	41	0	22
s4-0040-0009	40	0	41
s4-0040-0010	43	0	48
s4-0040-0011	41	0	0
s4-0040-0012	42	0	14
s4-0040-0013	309	0	37
s4-0040-0014	353	0	17
s4-0040-0015	363	0	0
s4-0041-0000	423	0	3058
s4-0041-0001	76	0	1649
s4-0041-0002	59	0	1457
s4-0041-0003	49	0	400
s4-0041-0004	346	0	1736
s4-0041-0005	51	0	736
s4-0041-0006	389	0	3245
s4-0041-0007	61	0	1098
s4-0041-0008	61	0	1290
s4-0041-0009	335	0	1599
s4-0041-0010	174	0	4243
s4-0041-0011	313	0	528
s4-0041-0012	322	0	361
s4-0041-0013	328	0	474
s4-0041-0014	66	0	450
s4-0041-0015	358	0	30
s5-0000-0000	32	0	0
s5-0000-0001	235	0	0
s5-0000-0002	30	0	0
s5-0000-0003	232	0	0
s5-0000-0004	222	0	0
s5-0000-0005	231	0	0
s5-0000-0006	231	0	0
s5-0000-0007	30	0	0
s5-0000-0008	236	0	0
s5-0000-0009	233	0	0
s5-0000-0010	33	0	0
s5-0000-0011	30	0	0
s5-0000-0012	234	0	0
s5-0000-0013	30	0	0
s5-0000-0014	30	0	0
s5-0000-0015	229	0	0
s5-0000-0016	30	0	0
s5-0000-0017	30	0	0
s5-0000-0018	30	0	0
s5-0000-0019	31	0	1
s5-0000-0020	31	0	0
s5-0000-0021	31	0	0
s5-0000-0022	229	0	0
s5-0000-0023	229	0	0
s5-0000-0024	31	0	0
s5-0000-0025	234	0	0
s5-0000-0026	229	0	0
s5-0000-0027	236	0	0
s5-0000-0028	233	0	0
s5-0000-0029	232	0	0
s5-0000-0030	32	0	0
s5-0000-0031	29	0	0
s5-0001-0000	237	0	0
s5-0001-0001	33	0	0
s5-0001-0002	31	0	0
s5-0001-0003	31	0	0
s5-0001-0004	230	0	0
s5-0001-0005	229	0	0
s5-0001-0006	229	0	0
s5-0001-0007	228	0	0
s5-0001-0008	233	0	0
s5-0001-0009	31	0	0
s5-0001-0010	239	0	0
s5-0001-0011	236	0	0
s5-0001-0012	28	0	0
s5-0001-0013	30	0	0
s5-0001-0014	30	0	0
s5-0001-0015	30	0	0
s5-0001-0016	31	0	0
s5-0001-0017	227	0	0
s5-0001-0018	31	0	0
s5-0001-0019	229	0	0
s5-0001-0020	240	0	0
s5-0001-0021	30	0	0
s5-0001-0022	234	0	0
s5-0001-0023	31	0	0
s5-0001-0024	31	0	0
s5-0001-0025	30	0	0
s5-0001-0026	31	0	0
s5-0001-0027	68	0	0
s5-0001-0028	32	0	0
s5-0001-0029	235	0	0
s5-0001-0030	232	0	0
s5-0001-0031	236	0	0
s5-0002-0000	32	0	0
s5-0002-0001	32	0	0
s5-0002-0002	31	0	0
s5-0002-0003	31	0	0
s5-0002-0004	31	0	0
s5-0002-0005	30	0	0
s5-0002-0006	226	0	0
s5-0002-0007	30	0	0
s5-0002-0008	32	0	0
s5-0002-0009	30	0	0
s5-0002-0010	31	0	0
s5-0002-0011	31	0	0
s5-0002-0012	234	0	0
s5-0002-0013	234	0	0
s5-0002-0014	228	0	0
s5-0002-0015	68	0	0
s5-0002-0016	30	0	0
s5-0002-0017	233	0	0
s5-0002-0018	233	0	0
s5-0002-0019	30	0	1
s5-0002-0020	237	0	0
s5-0002-0021	243	0	0
s5-0002-0022	31	0	0
s5-0002-0023	234	0	0
s5-0002-0024	30	0	0
s5-0002-0025	31	0	0
s5-0002-0026	32	0	0
s5-0002-0027	233	0	0
s5-0002-0028	234	0	0
s5-0002-0029	31	0	0
s5-0002-0030	236	0	0
s5-0002-0031	31	0	0
s5-0003-0000	238	0	0
s5-0003-0001	31	0	0
s5-0003-0002	31	0	0
s5-0003-0003	31	0	0
s5-0003-0004	225	0	0
s5-0003-0005	31	0	0
s5-0003-0006	30	0	0
s5-0003-0007	66	0	0
s5-0003-0008	236	0	0
s5-0003-0009	232	0	0
s5-0003-0010	31	0	0
s5-0003-0011	232	0	0
s5-0003-0012	230	0	0
s5-0003-0013	230	0	0
s5-0003-0014	29	0	0
s5-0003-0015	31	0	0
s5-0003-0016	31	0	0
s5-0003-0017	229	0	0
s5-0003-0018	234	0	0
s5-0003-0019	233	0	0
s5-0003-0020	242	0	0
s5-0003-0021	242	0	0
s5-0003-0022	32	0	0
s5-0003-0023	236	0	0
s5-0003-0024	233	0	0
s5-0003-0025	235	0	0
s5-0003-0026	231	0	0
s5-0003-0027	232	0	0
s5-0003-0028	31	0	0
s5-0003-0029	235	0	0
s5-0003-0030	30	0	0
s5-0003-0031	234	0	0
s5-0004-0000	238	0	0
s5-0004-0001	32	0	0
s5-0004-0002	31	0	0
s5-0004-0003	32	0	0
s5-0004-0004	231	0	0
s5-0004-0005	31	0	0
s5-0004-0006	225	0	0
s5-0004-0007	228	0	0
s5-0004-0008	232	0	0
s5-0004-0009	230	0	0
s5-0004-0010	235	0	0
s5-0004-0011	33	0	0
s5-0004-0012	32	0	0
s5-0004-0013	68	0	0
s5-0004-0014	31	0	0
s5-0004-0015	31	0	0
s5-0004-0016	229	0	0
s5-0004-0017	32	0	0
s5-0004-0018	31	0	0
s5-0004-0019	232	0	0
s5-0004-0020	239	0	0
s5-0004-0021	239	0	0
s5-0004-0022	30	0	0
s5-0004-0023	31	0	0
s5-0004-0024	31	0	0
s5-0004-0025	31	0	0
s5-0004-0026	32	0	0
s5-0004-0027	222	0	0
s5-0004-0028	237	0	0
s5-0004-0029	31	0	0
s5-0004-0030	233	0	0
s5-0004-0031	31	0	0
s5-0005-0000	50	0	0
s5-0005-0001	89	0	0
s5-0005-0002	48	0	0
s5-0005-0003	47	0	1
s5-0005-0004	285	0	0
s5-0005-0005	40	0	0
s5-0005-0006	39	0	0
s5-0005-0007	38	0	0
s5-0005-0008	286	0	0
s5-0005-0009	280	0	0
s5-0005-0010	293	0	0
s5-0005-0011	286	0	0
s5-0005-0012	298	0	0
s5-0005-0013	41	0	0
s5-0005-0014	287	0	0
s5-0005-0015	42	0	0
s5-0005-0016	283	0	0
s5-0005-0017	283	0	0
s5-0005-0018	39	0	0
s5-0005-0019	38	0	0
s5-0005-0020	42	0	0
s5-0005-0021	296	0	0
s5-0005-0022	45	0	0
s5-0005-0023	294	0	0
s5-0005-0024	305	0	0
s5-0005-0025	300	0	0
s5-0005-0026	302	0	0
s5-0005-0027	44	0	0
s5-0005-0028	55	0	0
s5-0005-0029	93	0	0
s5-0005-0030	53	0	0
s5-0005-0031	55	0	0
s5-0006-0000	49	0	0
s5-0006-0001	321	0	0
s5-0006-0002	318	0	0
s5-0006-0003	331	0	0
s5-0006-0004	282	0	0
s5-0006-0005	278	0	0
s5-0006-0006	37	0	0
s5-0006-0007	279	0	0
s5-0006-0008	286	0	0
s5-0006-0009	282	0	0
s5-0006-0010	287	0	0
s5-0006-0011	289	0	0
s5-0006-0012	295	0	0
s5-0006-0013	293	0	0
s5-0006-0014	293	0	0
s5-0006-0015	291	0	0
s5-0006-0016	40	0	0
s5-0006-0017	284	0	0
s5-0006-0018	286	0	0
s5-0006-0019	287	0	0
s5-0006-0020	296	0	0
s5-0006-0021	39	0	0
s5-0006-0022	292	0	0
s5-0006-0023	41	0	0
s5-0006-0024	42	0	0
s5-0006-0025	299	0	0
s5-0006-0026	43	0	0
s5-0006-0027	44	0	0
s5-0006-0028	358	0	0
s5-0006-0029	356	0	0
s5-0006-0030	362	0	0
s5-0006-0031	353	0	0
s5-0007-0000	49	0	0
s5-0007-0001	329	0	0
s5-0007-0002	87	0	0
s5-0007-0003	46	0	0
s5-0007-0004	40	0	0
s5-0007-0005	284	0	0
s5-0007-0006	38	0	0
s5-0007-0007	39	0	0
s5-0007-0008	40	0	0
s5-0007-0009	287	0	0
s5-0007-0010	284	0	0
s5-0007-0011	277	0	0
s5-0007-0012	297	0	5
s5-0007-0013	295	0	0
s5-0007-0014	42	0	0
s5-0007-0015	40	0	0
s5-0007-0016	40	0	0
s5-0007-0017	39	0	0
s5-0007-0018	38	0	0
s5-0007-0019	40	0	0
s5-0007-0020	42	0	0
s5-0007-0021	42	0	0
s5-0007-0022	41	0	0
s5-0007-0023	41	0	0
s5-0007-0024	45	0	0
s5-0007-0025	87	0	0
s5-0007-0026	46	0	0
s5-0007-0027	308	0	0
s5-0007-0028	55	0	0
s5-0007-0029	52	0	0
s5-0007-0030	54	0	0
s5-0007-0031	52	0	0
s5-0008-0000	331	0	0
s5-0008-0001	49	0	0
s5-0008-0002	329	0	0
s5-0008-0003	48	0	0
s5-0008-0004	286	0	0
s5-0008-0005	283	0	0
s5-0008-0006	281	0	0
s5-0008-0007	282	0	0
s5-0008-0008	290	0	0
s5-0008-0009	289	0	0
s5-0008-0010	84	0	0
s5-0008-0011	40	0	0
s5-0008-0012	40	0	0
s5-0008-0013	40	0	0
s5-0008-0014	41	0	0
s5-0008-0015	41	0	0
s5-0008-0016	286	0	0
s5-0008-0017	285	0	0
s5-0008-0018	41	0	0
s5-0008-0019	284	0	0
s5-0008-0020	282	0	0
s5-0008-0021	292	0	0
s5-0008-0022	293	0	0
s5-0008-0023	285	0	0
s5-0008-0024	304	0	0
s5-0008-0025	43	0	0
s5-0008-0026	42	0	0
s5-0008-0027	42	0	0
s5-0008-0028	359	0	0
s5-0008-0029	363	0	0
s5-0008-0030	55	0	0
s5-0008-0031	56	0	0
s5-0009-0000	323	0	0
s5-0009-0001	322	0	0
s5-0009-0002	330	0	0
s5-0009-0003	321	0	0
s5-0009-0004	288	0	0
s5-0009-0005	287	0	1
s5-0009-0006	288	0	0
s5-0009-0007	285	0	0
s5-0009-0008	287	0	0
s5-0009-0009	289	0	0
s5-0009-0010	290	0	1
s5-0009-0011	292	0	0
s5-0009-0012	298	0	0
s5-0009-0013	298	0	0
s5-0009-0014	294	0	0
s5-0009-0015	290	0	0
s5-0009-0016	285	0	0
s5-0009-0017	279	0	0
s5-0009-0018	286	0	0
s5-0009-0019	289	0	0
s5-0009-0020	297	0	0
s5-0009-0021	299	0	0
s5-0009-0022	298	0	0
s5-0009-0023	297	0	0
s5-0009-0024	314	0	0
s5-0009-0025	314	0	0
s5-0009-0026	304	0	0
s5-0009-0027	311	0	0
s5-0009-0028	359	0	0
s5-0009-0029	365	0	0
s5-0009-0030	368	0	0
s5-0009-0031	363	0	0
s5-0010-0000	248	0	24
s5-0010-0001	242	0	1
s5-0010-0002	239	0	0
s5-0010-0003	240	0	0
s5-0010-0004	239	0	0
s5-0010-0005	239	0	5
s5-0010-0006	237	0	1
s5-0010-0007	235	0	0
s5-0010-0008	240	0	1
s5-0010-0009	238	0	0
s5-0010-0010	247	0	0
s5-0010-0011	241	0	0
s5-0010-0012	240	0	1
s5-0010-0013	32	0	0
s5-0010-0014	32	0	17
s5-0010-0015	32	0	0
s5-0010-0016	31	0	1
s5-0010-0017	67	0	0
s5-0010-0018	30	0	0
s5-0010-0019	32	0	0
s5-0010-0020	31	0	2
s5-0010-0021	47	0	950
s5-0010-0022	32	0	0
s5-0010-0023	30	0	0
s5-0010-0024	31	0	12
s5-0010-0025	31	0	0
s5-0010-0026	31	0	3
s5-0010-0027	31	0	0
s5-0010-0028	31	0	0
s5-0010-0029	31	0	0
s5-0010-0030	32	0	0
s5-0010-0031	69	0	0
s5-0011-0000	33	0	13
s5-0011-0001	31	0	0
s5-0011-0002	31	0	0
s5-0011-0003	32	0	0
s5-0011-0004	31	0	2
s5-0011-0005	31	0	0
s5-0011-0006	33	0	3
s5-0011-0007	29	0	0
s5-0011-0008	32	0	2
s5-0011-0009	32	0	0
s5-0011-0010	34	0	0
s5-0011-0011	31	0	0
s5-0011-0012	73	0	22
s5-0011-0013	31	0	4
s5-0011-0014	35	0	18
s5-0011-0015	33	0	7
s5-0011-0016	31	0	2
s5-0011-0017	31	0	0
s5-0011-0018	31	0	0
s5-0011-0019	30	0	0
s5-0011-0020	32	0	9
s5-0011-0021	33	0	0
s5-0011-0022	31	0	0
s5-0011-0023	32	0	0
s5-0011-0024	35	0	3
s5-0011-0025	69	0	1
s5-0011-0026	30	0	0
s5-0011-0027	31	0	0
s5-0011-0028	31	0	0
s5-0011-0029	30	0	0
s5-0011-0030	32	0	0
s5-0011-0031	31	0	0
s5-0012-0000	337	0	0
s5-0012-0001	332	0	0
s5-0012-0002	327	0	0
s5-0012-0003	326	0	2
s5-0012-0004	288	0	2
s5-0012-0005	284	0	0
s5-0012-0006	288	0	1
s5-0012-0007	281	0	0
s5-0012-0008	289	0	0
s5-0012-0009	286	0	0
s5-0012-0010	293	0	0
s5-0012-0011	40	0	1
s5-0012-0012	297	0	1
s5-0012-0013	300	0	0
s5-0012-0014	40	0	0
s5-0012-0015	40	0	0
s5-0012-0016	40	0	2
s5-0012-0017	41	0	0
s5-0012-0018	40	0	0
s5-0012-0019	86	0	2
s5-0012-0020	295	0	0
s5-0012-0021	297	0	0
s5-0012-0022	293	0	0
s5-0012-0023	297	0	0
s5-0012-0024	43	0	0
s5-0012-0025	299	0	0
s5-0012-0026	298	0	0
s5-0012-0027	300	0	0
s5-0012-0028	364	0	0
s5-0012-0029	361	0	0
s5-0012-0030	357	0	0
s5-0012-0031	56	0	0
s5-0013-0000	240	0	162
s5-0013-0001	242	0	31
s5-0013-0002	38	0	58
s5-0013-0003	233	0	11
s5-0013-0004	226	0	17
s5-0013-0005	30	0	1
s5-0013-0006	231	0	31
s5-0013-0007	233	0	8
s5-0013-0008	237	0	61
s5-0013-0009	36	0	6
s5-0013-0010	242	0	24
s5-0013-0011	242	0	1
s5-0013-0012	241	0	105
s5-0013-0013	32	0	19
s5-0013-0014	236	0	180
s5-0013-0015	233	0	21
s5-0013-0016	233	0	19
s5-0013-0017	232	0	4
s5-0013-0018	231	0	11
s5-0013-0019	228	0	2
s5-0013-0020	236	0	12
s5-0013-0021	32	0	0
s5-0013-0022	31	0	4
s5-0013-0023	232	0	0
s5-0013-0024	33	0	67
s5-0013-0025	32	0	41
s5-0013-0026	33	0	30
s5-0013-0027	32	0	18
s5-0013-0028	31	0	0
s5-0013-0029	235	0	0
s5-0013-0030	30	0	0
s5-0013-0031	69	0	0
s5-0014-0000	257	0	31
s5-0014-0001	33	0	9
s5-0014-0002	238	0	7
s5-0014-0003	32	0	8
s5-0014-0004	238	0	4
s5-0014-0005	33	0	0
s5-0014-0006	31	0	4
s5-0014-0007	31	0	2
s5-0014-0008	31	0	4
s5-0014-0009	32	0	2
s5-0014-0010	36	0	27
s5-0014-0011	33	0	2
s5-0014-0012	31	0	0
s5-0014-0013	32	0	1
s5-0014-0014	29	0	0
s5-0014-0015	30	0	0
s5-0014-0016	70	0	3
s5-0014-0017	32	0	2
s5-0014-0018	30	0	0
s5-0014-0019	32	0	0
s5-0014-0020	34	0	1
s5-0014-0021	34	0	1
s5-0014-0022	32	0	2
s5-0014-0023	34	0	1
s5-0014-0024	30	0	2
s5-0014-0025	32	0	1
s5-0014-0026	32	0	1
s5-0014-0027	31	0	0
s5-0014-0028	31	0	0
s5-0014-0029	70	0	0
s5-0014-0030	30	0	0
s5-0014-0031	33	0	0
s5-0015-0000	34	0	10
s5-0015-0001	32	0	2
s5-0015-0002	233	0	5
s5-0015-0003	30	0	1
s5-0015-0004	231	0	0
s5-0015-0005	30	0	0
s5-0015-0006	232	0	4
s5-0015-0007	230	0	0
s5-0015-0008	237	0	4
s5-0015-0009	236	0	1
s5-0015-0010	239	0	0
s5-0015-0011	241	0	0
s5-0015-0012	237	0	13
s5-0015-0013	232	0	1
s5-0015-0014	30	0	2
s5-0015-0015	234	0	1
s5-0015-0016	31	0	0
s5-0015-0017	231	0	0
s5-0015-0018	233	0	0
s5-0015-0019	31	0	0
s5-0015-0020	240	0	3
s5-0015-0021	241	0	0
s5-0015-0022	237	0	0
s5-0015-0023	237	0	0
s5-0015-0024	240	0	11
s5-0015-0025	235	0	0
s5-0015-0026	239	0	2
s5-0015-0027	237	0	0
s5-0015-0028	235	0	0
s5-0015-0029	234	0	0
s5-0015-0030	31	0	0
s5-0015-0031	230	0	0
s5-0016-0000	32	0	5
s5-0016-0001	33	0	0
s5-0016-0002	229	0	1
s5-0016-0003	31	0	7
s5-0016-0004	222	0	2
s5-0016-0005	227	0	0
s5-0016-0006	231	0	1
s5-0016-0007	30	0	0
s5-0016-0008	232	0	2
s5-0016-0009	32	0	0
s5-0016-0010	71	0	0
s5-0016-0011	237	0	2
s5-0016-0012	235	0	0
s5-0016-0013	224	0	0
s5-0016-0014	233	0	1
s5-0016-0015	229	0	0
s5-0016-0016	30	0	1
s5-0016-0017	234	0	1
s5-0016-0018	29	0	0
s5-0016-0019	30	0	0
s5-0016-0020	237	0	0
s5-0016-0021	242	0	0
s5-0016-0022	231	0	0
s5-0016-0023	30	0	0
s5-0016-0024	31	0	2
s5-0016-0025	236	0	0
s5-0016-0026	32	0	2
s5-0016-0027	238	0	4
s5-0016-0028	235	0	0
s5-0016-0029	31	0	0
s5-0016-0030	30	0	0
s5-0016-0031	30	0	0
s5-0017-0000	243	0	5
s5-0017-0001	31	0	0
s5-0017-0002	32	0	0
s5-0017-0003	31	0	0
s5-0017-0004	68	0	1
s5-0017-0005	30	0	0
s5-0017-0006	30	0	0
s5-0017-0007	29	0	0
s5-0017-0008	234	0	2
s5-0017-0009	231	0	0
s5-0017-0010	242	0	3
s5-0017-0011	30	0	0
s5-0017-0012	32	0	9
s5-0017-0013	32	0	6
s5-0017-0014	30	0	0
s5-0017-0015	31	0	0
s5-0017-0016	30	0	0
s5-0017-0017	30	0	0
s5-0017-0018	31	0	1
s5-0017-0019	30	0	0
s5-0017-0020	31	0	0
s5-0017-0021	32	0	0
s5-0017-0022	31	0	0
s5-0017-0023	70	0	0
s5-0017-0024	34	0	2
s5-0017-0025	32	0	3
s5-0017-0026	31	0	0
s5-0017-0027	31	0	0
s5-0017-0028	31	0	0
s5-0017-0029	31	0	0
s5-0017-0030	33	0	0
s5-0017-0031	227	0	0
s5-0018-0000	238	0	1
s5-0018-0001	233	0	0
s5-0018-0002	233	0	0
s5-0018-0003	31	0	0
s5-0018-0004	30	0	0
s5-0018-0005	223	0	0
s5-0018-0006	29	0	0
s5-0018-0007	232	0	0
s5-0018-0008	236	0	0
s5-0018-0009	235	0	0
s5-0018-0010	236	0	0
s5-0018-0011	234	0	0
s5-0018-0012	31	0	0
s5-0018-0013	30	0	0
s5-0018-0014	235	0	0
s5-0018-0015	234	0	0
s5-0018-0016	232	0	0
s5-0018-0017	67	0	0
s5-0018-0018	29	0	0
s5-0018-0019	233	0	0
s5-0018-0020	237	0	0
s5-0018-0021	241	0	0
s5-0018-0022	232	0	0
s5-0018-0023	236	0	0
s5-0018-0024	235	0	0
s5-0018-0025	230	0	0
s5-0018-0026	230	0	0
s5-0018-0027	231	0	0
s5-0018-0028	230	0	0
s5-0018-0029	234	0	0
s5-0018-0030	235	0	0
s5-0018-0031	235	0	0
s5-0019-0000	32	0	0
s5-0019-0001	33	0	0
s5-0019-0002	232	0	0
s5-0019-0003	29	0	0
s5-0019-0004	226	0	0
s5-0019-0005	224	0	0
s5-0019-0006	229	0	0
s5-0019-0007	30	0	0
s5-0019-0008	31	0	0
s5-0019-0009	234	0	0
s5-0019-0010	235	0	0
s5-0019-0011	230	0	0
s5-0019-0012	30	0	0
s5-0019-0013	232	0	0
s5-0019-0014	233	0	0
s5-0019-0015	231	0	0
s5-0019-0016	31	0	0
s5-0019-0017	32	0	0
s5-0019-0018	30	0	0
s5-0019-0019	226	0	0
s5-0019-0020	237	0	0
s5-0019-0021	31	0	0
s5-0019-0022	33	0	0
s5-0019-0023	236	0	0
s5-0019-0024	30	0	0
s5-0019-0025	234	0	0
s5-0019-0026	236	0	0
s5-0019-0027	69	0	0
s5-0019-0028	32	0	0
s5-0019-0029	30	0	0
s5-0019-0030	32	0	0
s5-0019-0031	30	0	0
s5-0020-0000	240	0	6
s5-0020-0001	33	0	1
s5-0020-0002	32	0	1
s5-0020-0003	235	0	0
s5-0020-0004	227	0	6
s5-0020-0005	30	0	0
s5-0020-0006	31	0	0
s5-0020-0007	31	0	0
s5-0020-0008	31	0	3
s5-0020-0009	235	0	0
s5-0020-0010	32	0	0
s5-0020-0011	32	0	0
s5-0020-0012	31	0	19
s5-0020-0013	69	0	5
s5-0020-0014	31	0	0
s5-0020-0015	32	0	0
s5-0020-0016	30	0	2
s5-0020-0017	31	0	1
s5-0020-0018	29	0	0
s5-0020-0019	29	0	0
s5-0020-0020	33	0	0
s5-0020-0021	32	0	0
s5-0020-0022	31	0	0
s5-0020-0023	32	0	0
s5-0020-0024	31	0	7
s5-0020-0025	30	0	4
s5-0020-0026	235	0	1
s5-0020-0027	32	0	0
s5-0020-0028	30	0	0
s5-0020-0029	31	0	0
s5-0020-0030	68	0	0
s5-0020-0031	226	0	0
s5-0021-0000	249	0	10
s5-0021-0001	33	0	4
s5-0021-0002	239	0	1
s5-0021-0003	238	0	0
s5-0021-0004	237	0	1
s5-0021-0005	31	0	0
s5-0021-0006	236	0	0
s5-0021-0007	232	0	0
s5-0021-0008	243	0	0
s5-0021-0009	242	0	0
s5-0021-0010	33	0	1
s5-0021-0011	245	0	2
s5-0021-0012	236	0	0
s5-0021-0013	30	0	0
s5-0021-0014	31	0	0
s5-0021-0015	233	0	0
s5-0021-0016	31	0	2
s5-0021-0017	236	0	0
s5-0021-0018	234	0	0
s5-0021-0019	228	0	0
s5-0021-0020	249	0	2
s5-0021-0021	252	0	0
s5-0021-0022	245	0	0
s5-0021-0023	244	0	0
s5-0021-0024	234	0	1
s5-0021-0025	233	0	0
s5-0021-0026	234	0	0
s5-0021-0027	232	0	0
s5-0021-0028	238	0	0
s5-0021-0029	239	0	0
s5-0021-0030	32	0	0
s5-0021-0031	238	0	0
s5-0022-0000	244	0	3
s5-0022-0001	238	0	1
s5-0022-0002	231	0	0
s5-0022-0003	31	0	0
s5-0022-0004	29	0	0
s5-0022-0005	225	0	0
s5-0022-0006	229	0	0
s5-0022-0007	230	0	0
s5-0022-0008	231	0	1
s5-0022-0009	30	0	2
s5-0022-0010	32	0	0
s5-0022-0011	32	0	0
s5-0022-0012	239	0	0
s5-0022-0013	236	0	1
s5-0022-0014	68	0	0
s5-0022-0015	226	0	0
s5-0022-0016	30	0	0
s5-0022-0017	30	0	1
s5-0022-0018	228	0	0
s5-0022-0019	30	0	0
s5-0022-0020	231	0	2
s5-0022-0021	31	0	0
s5-0022-0022	234	0	0
s5-0022-0023	32	0	0
s5-0022-0024	32	0	0
s5-0022-0025	234	0	2
s5-0022-0026	31	0	6
s5-0022-0027	30	0	0
s5-0022-0028	31	0	0
s5-0022-0029	231	0	0
s5-0022-0030	31	0	0
s5-0022-0031	32	0	0
s5-0023-0000	51	0	0
s5-0023-0001	329	0	0
s5-0023-0002	327	0	0
s5-0023-0003	88	0	0
s5-0023-0004	40	0	0
s5-0023-0005	38	0	0
s5-0023-0006	286	0	0
s5-0023-0007	39	0	0
s5-0023-0008	39	0	0
s5-0023-0009	40	0	0
s5-0023-0010	41	0	0
s5-0023-0011	42	0	0
s5-0023-0012	41	0	0
s5-0023-0013	40	0	0
s5-0023-0014	41	0	0
s5-0023-0015	41	0	0
s5-0023-0016	40	0	0
s5-0023-0017	40	0	0
s5-0023-0018	39	0	0
s5-0023-0019	83	0	0
s5-0023-0020	41	0	0
s5-0023-0021	291	0	0
s5-0023-0022	292	0	0
s5-0023-0023	40	0	0
s5-0023-0024	44	0	0
s5-0023-0025	305	0	0
s5-0023-0026	308	0	0
s5-0023-0027	308	0	0
s5-0023-0028	359	0	0
s5-0023-0029	357	0	0
s5-0023-0030	365	0	0
s5-0023-0031	56	0	0
s5-0024-0000	33	0	5
s5-0024-0001	32	0	0
s5-0024-0002	237	0	0
s5-0024-0003	234	0	0
s5-0024-0004	222	0	1
s5-0024-0005	226	0	0
s5-0024-0006	233	0	0
s5-0024-0007	228	0	0
s5-0024-0008	31	0	2
s5-0024-0009	232	0	0
s5-0024-0010	240	0	3
s5-0024-0011	235	0	0
s5-0024-0012	235	0	9
s5-0024-0013	233	0	6
s5-0024-0014	233	0	0
s5-0024-0015	30	0	0
s5-0024-0016	230	0	0
s5-0024-0017	230	0	0
s5-0024-0018	232	0	1
s5-0024-0019	231	0	0
s5-0024-0020	242	0	0
s5-0024-0021	244	0	0
s5-0024-0022	31	0	0
s5-0024-0023	232	0	0
s5-0024-0024	232	0	2
s5-0024-0025	231	0	3
s5-0024-0026	233	0	0
s5-0024-0027	235	0	0
s5-0024-0028	231	0	0
s5-0024-0029	235	0	0
s5-0024-0030	31	0	0
s5-0024-0031	31	0	0
s5-0025-0000	332	0	0
s5-0025-0001	326	0	0
s5-0025-0002	47	0	0
s5-0025-0003	331	0	0
s5-0025-0004	40	0	0
s5-0025-0005	84	0	0
s5-0025-0006	40	0	0
s5-0025-0007	279	0	0
s5-0025-0008	282	0	0
s5-0025-0009	41	0	0
s5-0025-0010	290	0	0
s5-0025-0011	39	0	0
s5-0025-0012	42	0	0
s5-0025-0013	295	0	0
s5-0025-0014	296	0	0
s5-0025-0015	40	0	0
s5-0025-0016	39	0	0
s5-0025-0017	279	0	0
s5-0025-0018	40	0	0
s5-0025-0019	41	0	0
s5-0025-0020	41	0	0
s5-0025-0021	42	0	0
s5-0025-0022	40	0	0
s5-0025-0023	41	0	0
s5-0025-0024	44	0	0
s5-0025-0025	88	0	0
s5-0025-0026	45	0	0
s5-0025-0027	42	0	0
s5-0025-0028	55	0	0
s5-0025-0029	52	0	0
s5-0025-0030	365	0	0
s5-0025-0031	55	0	0
s5-0026-0000	50	0	0
s5-0026-0001	50	0	0
s5-0026-0002	48	0	0
s5-0026-0003	321	0	0
s5-0026-0004	283	0	0
s5-0026-0005	40	0	0
s5-0026-0006	38	0	0
s5-0026-0007	83	0	0
s5-0026-0008	40	0	0
s5-0026-0009	279	0	0
s5-0026-0010	42	0	0
s5-0026-0011	41	0	0
s5-0026-0012	295	0	0
s5-0026-0013	41	0	0
s5-0026-0014	291	0	0
s5-0026-0015	294	0	0
s5-0026-0016	286	0	0
s5-0026-0017	282	0	0
s5-0026-0018	284	0	0
s5-0026-0019	40	0	0
s5-0026-0020	293	0	0
s5-0026-0021	299	0	0
s5-0026-0022	293	0	0
s5-0026-0023	295	0	0
s5-0026-0024	305	0	0
s5-0026-0025	301	0	0
s5-0026-0026	304	0	0
s5-0026-0027	305	0	0
s5-0026-0028	363	0	0
s5-0026-0029	356	0	0
s5-0026-0030	360	0	0
s5-0026-0031	52	0	0
s5-0027-0000	332	0	0
s5-0027-0001	330	0	0
s5-0027-0002	325	0	1
s5-0027-0003	324	0	0
s5-0027-0004	286	0	0
s5-0027-0005	282	0	4
s5-0027-0006	287	0	0
s5-0027-0007	285	0	0
s5-0027-0008	285	0	0
s5-0027-0009	39	0	0
s5-0027-0010	41	0	1
s5-0027-0011	40	0	0
s5-0027-0012	40	0	0
s5-0027-0013	42	0	0
s5-0027-0014	292	0	0
s5-0027-0015	294	0	0
s5-0027-0016	287	0	0
s5-0027-0017	83	0	0
s5-0027-0018	39	0	0
s5-0027-0019	38	0	0
s5-0027-0020	42	0	0
s5-0027-0021	42	0	0
s5-0027-0022	40	0	0
s5-0027-0023	41	0	0
s5-0027-0024	296	0	0
s5-0027-0025	301	0	0
s5-0027-0026	306	0	0
s5-0027-0027	43	0	0
s5-0027-0028	52	0	0
s5-0027-0029	356	0	0
s5-0027-0030	363	0	0
s5-0027-0031	55	0	0
s5-0028-0000	49	0	0
s5-0028-0001	50	0	0
s5-0028-0002	328	0	0
s5-0028-0003	319	0	1
s5-0028-0004	282	0	1
s5-0028-0005	288	0	0
s5-0028-0006	40	0	2
s5-0028-0007	280	0	4
s5-0028-0008	279	0	1
s5-0028-0009	289	0	0
s5-0028-0010	86	0	0
s5-0028-0011	41	0	0
s5-0028-0012	41	0	1
s5-0028-0013	41	0	0
s5-0028-0014	42	0	0
s5-0028-0015	42	0	0
s5-0028-0016	40	0	3
s5-0028-0017	39	0	2
s5-0028-0018	38	0	0
s5-0028-0019	38	0	2
s5-0028-0020	42	0	0
s5-0028-0021	43	0	0
s5-0028-0022	42	0	0
s5-0028-0023	40	0	0
s5-0028-0024	87	0	0
s5-0028-0025	42	0	0
s5-0028-0026	43	0	0
s5-0028-0027	305	0	0
s5-0028-0028	55	0	0
s5-0028-0029	55	0	0
s5-0028-0030	54	0	0
s5-0028-0031	358	0	0
s5-0029-0000	31	0	4
s5-0029-0001	234	0	0
s5-0029-0002	233	0	0
s5-0029-0003	29	0	0
s5-0029-0004	226	0	0
s5-0029-0005	29	0	0
s5-0029-0006	231	0	0
s5-0029-0007	229	0	0
s5-0029-0008	231	0	0
s5-0029-0009	233	0	0
s5-0029-0010	239	0	8
s5-0029-0011	235	0	0
s5-0029-0012	230	0	2
s5-0029-0013	233	0	0
s5-0029-0014	30	0	2
s5-0029-0015	232	0	0
s5-0029-0016	230	0	0
s5-0029-0017	32	0	0
s5-0029-0018	231	0	0
s5-0029-0019	223	0	0
s5-0029-0020	235	0	0
s5-0029-0021	234	0	0
s5-0029-0022	235	0	0
s5-0029-0023	236	0	0
s5-0029-0024	227	0	0
s5-0029-0025	29	0	1
s5-0029-0026	233	0	0
s5-0029-0027	29	0	0
s5-0029-0028	68	0	0
s5-0029-0029	31	0	0
s5-0029-0030	31	0	0
s5-0029-0031	30	0	0
s5-0030-0000	32	0	0
s5-0030-0001	30	0	0
s5-0030-0002	235	0	0
s5-0030-0003	30	0	0
s5-0030-0004	225	0	0
s5-0030-0005	232	0	0
s5-0030-0006	226	0	0
s5-0030-0007	229	0	0
s5-0030-0008	233	0	0
s5-0030-0009	234	0	1
s5-0030-0010	32	0	0
s5-0030-0011	32	0	0
s5-0030-0012	30	0	0
s5-0030-0013	227	0	1
s5-0030-0014	31	0	0
s5-0030-0015	29	0	0
s5-0030-0016	233	0	0
s5-0030-0017	30	0	0
s5-0030-0018	227	0	0
s5-0030-0019	66	0	0
s5-0030-0020	31	0	0
s5-0030-0021	32	0	0
s5-0030-0022	230	0	0
s5-0030-0023	31	0	0
s5-0030-0024	230	0	0
s5-0030-0025	30	0	1
s5-0030-0026	32	0	0
s5-0030-0027	31	0	0
s5-0030-0028	229	0	0
s5-0030-0029	233	0	0
s5-0030-0030	235	0	0
s5-0030-0031	236	0	0
s5-0031-0000	232	0	4
s5-0031-0001	31	0	0
s5-0031-0002	31	0	0
s5-0031-0003	31	0	0
s5-0031-0004	230	0	0
s5-0031-0005	29	0	0
s5-0031-0006	31	0	0
s5-0031-0007	30	0	0
s5-0031-0008	237	0	1
s5-0031-0009	235	0	0
s5-0031-0010	31	0	1
s5-0031-0011	68	0	0
s5-0031-0012	32	0	31
s5-0031-0013	31	0	0
s5-0031-0014	30	0	2
s5-0031-0015	224	0	0
s5-0031-0016	30	0	0
s5-0031-0017	32	0	0
s5-0031-0018	232	0	0
s5-0031-0019	30	0	0
s5-0031-0020	32	0	0
s5-0031-0021	31	0	0
s5-0031-0022	30	0	0
s5-0031-0023	32	0	0
s5-0031-0024	32	0	3
s5-0031-0025	31	0	1
s5-0031-0026	233	0	0
s5-0031-0027	232	0	0
s5-0031-0028	231	0	0
s5-0031-0029	233	0	0
s5-0031-0030	30	0	0
s5-0031-0031	69	0	0
s5-0032-0000	33	0	1
s5-0032-0001	235	0	0
s5-0032-0002	231	0	0
s5-0032-0003	29	0	0
s5-0032-0004	231	0	0
s5-0032-0005	30	0	0
s5-0032-0006	224	0	0
s5-0032-0007	31	0	0
s5-0032-0008	236	0	0
s5-0032-0009	235	0	0
s5-0032-0010	233	0	0
s5-0032-0011	230	0	0
s5-0032-0012	234	0	0
s5-0032-0013	232	0	0
s5-0032-0014	235	0	0
s5-0032-0015	229	0	0
s5-0032-0016	30	0	0
s5-0032-0017	230	0	0
s5-0032-0018	229	0	0
s5-0032-0019	227	0	0
s5-0032-0020	29	0	0
s5-0032-0021	239	0	0
s5-0032-0022	233	0	0
s5-0032-0023	32	0	0
s5-0032-0024	235	0	0
s5-0032-0025	29	0	0
s5-0032-0026	31	0	0
s5-0032-0027	32	0	0
s5-0032-0028	233	0	0
s5-0032-0029	31	0	0
s5-0032-0030	229	0	0
s5-0032-0031	30	0	0
s5-0033-0000	240	0	0
s5-0033-0001	238	0	0
s5-0033-0002	234	0	0
s5-0033-0003	29	0	0
s5-0033-0004	31	0	0
s5-0033-0005	67	0	0
s5-0033-0006	229	0	0
s5-0033-0007	225	0	0
s5-0033-0008	30	0	0
s5-0033-0009	32	0	0
s5-0033-0010	236	0	0
s5-0033-0011	31	0	0
s5-0033-0012	234	0	0
s5-0033-0013	231	0	0
s5-0033-0014	30	0	0
s5-0033-0015	29	0	0
s5-0033-0016	31	0	0
s5-0033-0017	230	0	0
s5-0033-0018	30	0	0
s5-0033-0019	31	0	0
s5-0033-0020	225	0	0
s5-0033-0021	237	0	0
s5-0033-0022	31	0	0
s5-0033-0023	232	0	0
s5-0033-0024	31	0	0
s5-0033-0025	30	0	0
s5-0033-0026	31	0	0
s5-0033-0027	234	0	0
s5-0033-0028	236	0	0
s5-0033-0029	234	0	0
s5-0033-0030	228	0	0
s5-0033-0031	30	0	0
s5-0034-0000	88	0	0
s5-0034-0001	50	0	0
s5-0034-0002	331	0	0
s5-0034-0003	48	0	1
s5-0034-0004	39	0	0
s5-0034-0005	39	0	0
s5-0034-0006	40	0	0
s5-0034-0007	281	0	0
s5-0034-0008	287	0	0
s5-0034-0009	39	0	0
s5-0034-0010	286	0	0
s5-0034-0011	288	0	0
s5-0034-0012	42	0	0
s5-0034-0013	40	0	0
s5-0034-0014	42	0	0
s5-0034-0015	41	0	0
s5-0034-0016	41	0	1
s5-0034-0017	38	0	0
s5-0034-0018	82	0	0
s5-0034-0019	284	0	0
s5-0034-0020	42	0	0
s5-0034-0021	40	0	0
s5-0034-0022	292	0	0
s5-0034-0023	281	0	0
s5-0034-0024	43	0	0
s5-0034-0025	302	0	0
s5-0034-0026	304	0	0
s5-0034-0027	305	0	0
s5-0034-0028	361	0	0
s5-0034-0029	54	0	0
s5-0034-0030	363	0	0
s5-0034-0031	55	0	0
s5-0035-0000	31	0	0
s5-0035-0001	238	0	0
s5-0035-0002	234	0	0
s5-0035-0003	236	0	0
s5-0035-0004	226	0	0
s5-0035-0005	229	0	0
s5-0035-0006	230	0	0
s5-0035-0007	228	0	0
s5-0035-0008	235	0	0
s5-0035-0009	231	0	0
s5-0035-0010	230	0	0
s5-0035-0011	234	0	0
s5-0035-0012	234	0	0
s5-0035-0013	29	0	0
s5-0035-0014	32	0	0
s5-0035-0015	233	0	0
s5-0035-0016	232	0	0
s5-0035-0017	29	0	0
s5-0035-0018	29	0	0
s5-0035-0019	228	0	0
s5-0035-0020	230	0	0
s5-0035-0021	31	0	0
s5-0035-0022	31	0	0
s5-0035-0023	236	0	0
s5-0035-0024	231	0	0
s5-0035-0025	30	0	0
s5-0035-0026	234	0	0
s5-0035-0027	234	0	0
s5-0035-0028	234	0	0
s5-0035-0029	31	0	0
s5-0035-0030	31	0	0
s5-0035-0031	68	0	0
s5-0036-0000	32	0	36
s5-0036-0001	231	0	2
s5-0036-0002	232	0	3
s5-0036-0003	235	0	0
s5-0036-0004	30	0	0
s5-0036-0005	31	0	0
s5-0036-0006	30	0	0
s5-0036-0007	30	0	3
s5-0036-0008	31	0	0
s5-0036-0009	232	0	0
s5-0036-0010	31	0	0
s5-0036-0011	225	0	0
s5-0036-0012	229	0	12
s5-0036-0013	230	0	0
s5-0036-0014	31	0	16
s5-0036-0015	32	0	0
s5-0036-0016	29	0	0
s5-0036-0017	232	0	0
s5-0036-0018	226	0	0
s5-0036-0019	31	0	0
s5-0036-0020	32	0	25
s5-0036-0021	260	0	859
s5-0036-0022	235	0	0
s5-0036-0023	30	0	0
s5-0036-0024	68	0	1
s5-0036-0025	31	0	0
s5-0036-0026	33	0	0
s5-0036-0027	30	0	0
s5-0036-0028	32	0	0
s5-0036-0029	30	0	0
s5-0036-0030	30	0	0
s5-0036-0031	32	0	0
s5-0037-0000	31	0	5
s5-0037-0001	32	0	1
s5-0037-0002	32	0	4
s5-0037-0003	29	0	0
s5-0037-0004	30	0	0
s5-0037-0005	67	0	0
s5-0037-0006	227	0	1
s5-0037-0007	30	0	0
s5-0037-0008	235	0	1
s5-0037-0009	31	0	1
s5-0037-0010	33	0	0
s5-0037-0011	31	0	0
s5-0037-0012	30	0	5
s5-0037-0013	227	0	16
s5-0037-0014	30	0	1
s5-0037-0015	234	0	16
s5-0037-0016	231	0	0
s5-0037-0017	229	0	0
s5-0037-0018	30	0	0
s5-0037-0019	233	0	0
s5-0037-0020	32	0	2
s5-0037-0021	238	0	0
s5-0037-0022	234	0	0
s5-0037-0023	233	0	0
s5-0037-0024	33	0	2
s5-0037-0025	30	0	0
s5-0037-0026	230	0	30
s5-0037-0027	31	0	0
s5-0037-0028	227	0	0
s5-0037-0029	30	0	0
s5-0037-0030	232	0	0
s5-0037-0031	231	0	0
s5-0038-0000	242	0	93
s5-0038-0001	235	0	8
s5-0038-0002	233	0	25
s5-0038-0003	237	0	40
s5-0038-0004	67	0	2
s5-0038-0005	230	0	0
s5-0038-0006	30	0	17
s5-0038-0007	231	0	34
s5-0038-0008	230	0	27
s5-0038-0009	31	0	1
s5-0038-0010	32	0	5
s5-0038-0011	227	0	10
s5-0038-0012	30	0	26
s5-0038-0013	30	0	4
s5-0038-0014	34	0	125
s5-0038-0015	242	0	258
s5-0038-0016	225	0	12
s5-0038-0017	230	0	2
s5-0038-0018	234	0	40
s5-0038-0019	233	0	0
s5-0038-0020	241	0	1
s5-0038-0021	237	0	0
s5-0038-0022	234	0	0
s5-0038-0023	30	0	0
s5-0038-0024	228	0	25
s5-0038-0025	234	0	13
s5-0038-0026	32	0	27
s5-0038-0027	30	0	0
s5-0038-0028	229	0	0
s5-0038-0029	30	0	0
s5-0038-0030	31	0	0
s5-0038-0031	32	0	0
s5-0039-0000	245	0	1
s5-0039-0001	243	0	0
s5-0039-0002	233	0	0
s5-0039-0003	235	0	0
s5-0039-0004	30	0	0
s5-0039-0005	69	0	0
s5-0039-0006	31	0	0
s5-0039-0007	30	0	0
s5-0039-0008	31	0	0
s5-0039-0009	239	0	0
s5-0039-0010	34	0	0
s5-0039-0011	243	0	0
s5-0039-0012	32	0	0
s5-0039-0013	233	0	0
s5-0039-0014	233	0	0
s5-0039-0015	30	0	0
s5-0039-0016	228	0	0
s5-0039-0017	238	0	0
s5-0039-0018	232	0	0
s5-0039-0019	30	0	0
s5-0039-0020	34	0	0
s5-0039-0021	32	0	0
s5-0039-0022	34	0	0
s5-0039-0023	33	0	0
s5-0039-0024	235	0	0
s5-0039-0025	30	0	0
s5-0039-0026	30	0	0
s5-0039-0027	70	0	0
s5-0039-0028	30	0	0
s5-0039-0029	32	0	0
s5-0039-0030	32	0	0
s5-0039-0031	32	0	0
s5-0040-0000	31	0	0
s5-0040-0001	233	0	1
s5-0040-0002	30	0	0
s5-0040-0003	30	0	1
s5-0040-0004	30	0	1
s5-0040-0005	30	0	0
s5-0040-0006	31	0	0
s5-0040-0007	231	0	0
s5-0040-0008	222	0	1
s5-0040-0009	231	0	0
s5-0040-0010	233	0	0
s5-0040-0011	228	0	0
s5-0040-0012	229	0	0
s5-0040-0013	226	0	0
s5-0040-0014	231	0	0
s5-0040-0015	230	0	0
s5-0040-0016	228	0	1
s5-0040-0017	231	0	0
s5-0040-0018	232	0	0
s5-0040-0019	231	0	0
s5-0040-0020	242	0	0
s5-0040-0021	240	0	0
s5-0040-0022	230	0	0
s5-0040-0023	230	0	0
s5-0040-0024	228	0	0
s5-0040-0025	230	0	0
s5-0040-0026	234	0	0
s5-0040-0027	237	0	0
s5-0040-0028	233	0	0
s5-0040-0029	234	0	0
s5-0040-0030	236	0	0
s5-0040-0031	235	0	0
s5-0041-0000	245	0	122
s5-0041-0001	240	0	21
s5-0041-0002	237	0	23
s5-0041-0003	236	0	4
s5-0041-0004	226	0	4
s5-0041-0005	233	0	27
s5-0041-0006	232	0	9
s5-0041-0007	231	0	0
s5-0041-0008	237	0	32
s5-0041-0009	235	0	0
s5-0041-0010	241	0	9
s5-0041-0011	236	0	0
s5-0041-0012	237	0	51
s5-0041-0013	235	0	65
s5-0041-0014	237	0	11
s5-0041-0015	233	0	4
s5-0041-0016	233	0	16
s5-0041-0017	231	0	1
s5-0041-0018	232	0	36
s5-0041-0019	232	0	4
s5-0041-0020	238	0	9
s5-0041-0021	32	0	8
s5-0041-0022	32	0	1
s5-0041-0023	31	0	0
s5-0041-0024	31	0	66
s5-0041-0025	68	0	14
s5-0041-0026	32	0	98
s5-0041-0027	32	0	35
s5-0041-0028	31	0	0
s5-0041-0029	31	0	0
s5-0041-0030	31	0	0
s5-0041-0031	30	0	0
s5-0042-0000	32	0	3
s5-0042-0001	30	0	0
s5-0042-0002	30	0	0
s5-0042-0003	31	0	0
s5-0042-0004	30	0	0
s5-0042-0005	30	0	1
s5-0042-0006	30	0	0
s5-0042-0007	31	0	0
s5-0042-0008	69	0	0
s5-0042-0009	30	0	0
s5-0042-0010	33	0	0
s5-0042-0011	30	0	0
s5-0042-0012	30	0	1
s5-0042-0013	31	0	3
s5-0042-0014	32	0	0
s5-0042-0015	30	0	1
s5-0042-0016	30	0	0
s5-0042-0017	30	0	0
s5-0042-0018	30	0	0
s5-0042-0019	32	0	1
s5-0042-0020	32	0	4
s5-0042-0021	71	0	0
s5-0042-0022	31	0	0
s5-0042-0023	32	0	0
s5-0042-0024	31	0	11
s5-0042-0025	30	0	2
s5-0042-0026	33	0	38
s5-0042-0027	31	0	13
s5-0042-0028	30	0	0
s5-0042-0029	31	0	0
s5-0042-0030	31	0	0
s5-0042-0031	30	0	0
s5-0043-0000	32	0	0
s5-0043-0001	33	0	1
s5-0043-0002	69	0	0
s5-0043-0003	31	0	4
s5-0043-0004	30	0	1
s5-0043-0005	30	0	0
s5-0043-0006	30	0	0
s5-0043-0007	30	0	0
s5-0043-0008	226	0	2
s5-0043-0009	31	0	0
s5-0043-0010	238	0	0
s5-0043-0011	229	0	0
s5-0043-0012	230	0	0
s5-0043-0013	231	0	0
s5-0043-0014	229	0	0
s5-0043-0015	232	0	0
s5-0043-0016	227	0	0
s5-0043-0017	229	0	2
s5-0043-0018	227	0	0
s5-0043-0019	230	0	0
s5-0043-0020	237	0	0
s5-0043-0021	227	0	0
s5-0043-0022	236	0	0
s5-0043-0023	235	0	0
s5-0043-0024	231	0	0
s5-0043-0025	234	0	2
s5-0043-0026	236	0	0
s5-0043-0027	234	0	0
s5-0043-0028	231	0	0
s5-0043-0029	233	0	0
s5-0043-0030	235	0	0
s5-0043-0031	234	0	0
s5-0044-0000	240	0	2
s5-0044-0001	239	0	0
s5-0044-0002	237	0	1
s5-0044-0003	235	0	0
s5-0044-0004	230	0	0
s5-0044-0005	226	0	0
s5-0044-0006	228	0	0
s5-0044-0007	230	0	0
s5-0044-0008	227	0	0
s5-0044-0009	236	0	0
s5-0044-0010	237	0	0
s5-0044-0011	237	0	0
s5-0044-0012	234	0	0
s5-0044-0013	234	0	0
s5-0044-0014	231	0	0
s5-0044-0015	234	0	0
s5-0044-0016	233	0	0
s5-0044-0017	234	0	0
s5-0044-0018	233	0	0
s5-0044-0019	230	0	0
s5-0044-0020	242	0	0
s5-0044-0021	31	0	0
s5-0044-0022	236	0	0
s5-0044-0023	30	0	0
s5-0044-0024	32	0	2
s5-0044-0025	29	0	0
s5-0044-0026	32	0	28
s5-0044-0027	32	0	0
s5-0044-0028	31	0	0
s5-0044-0029	70	0	0
s5-0044-0030	32	0	0
s5-0044-0031	30	0	0
s5-0045-0000	34	0	54
s5-0045-0001	33	0	8
s5-0045-0002	32	0	3
s5-0045-0003	31	0	0
s5-0045-0004	29	0	7
s5-0045-0005	30	0	1
s5-0045-0006	29	0	0
s5-0045-0007	31	0	0
s5-0045-0008	31	0	3
s5-0045-0009	30	0	0
s5-0045-0010	32	0	0
s5-0045-0011	32	0	0
s5-0045-0012	36	0	27
s5-0045-0013	68	0	7
s5-0045-0014	31	0	10
s5-0045-0015	30	0	1
s5-0045-0016	30	0	3
s5-0045-0017	31	0	1
s5-0045-0018	30	0	0
s5-0045-0019	32	0	0
s5-0045-0020	36	0	114
s5-0045-0021	33	0	26
s5-0045-0022	30	0	0
s5-0045-0023	30	0	0
s5-0045-0024	31	0	9
s5-0045-0025	68	0	0
s5-0045-0026	31	0	8
s5-0045-0027	31	0	0
s5-0045-0028	32	0	0
s5-0045-0029	30	0	0
s5-0045-0030	30	0	0
s5-0045-0031	31	0	0
s5-0046-0000	50	0	2
s5-0046-0001	49	0	0
s5-0046-0002	49	0	1
s5-0046-0003	322	0	0
s5-0046-0004	38	0	3
s5-0046-0005	278	0	0
s5-0046-0006	281	0	1
s5-0046-0007	279	0	0
s5-0046-0008	277	0	0
s5-0046-0009	282	0	0
s5-0046-0010	41	0	9
s5-0046-0011	285	0	0
s5-0046-0012	289	0	2
s5-0046-0013	292	0	0
s5-0046-0014	288	0	0
s5-0046-0015	293	0	0
s5-0046-0016	285	0	0
s5-0046-0017	278	0	0
s5-0046-0018	287	0	0
s5-0046-0019	281	0	0
s5-0046-0020	42	0	0
s5-0046-0021	302	0	0
s5-0046-0022	286	0	0
s5-0046-0023	294	0	0
s5-0046-0024	306	0	0
s5-0046-0025	302	0	0
s5-0046-0026	307	0	3
s5-0046-0027	303	0	0
s5-0046-0028	360	0	0
s5-0046-0029	365	0	0
s5-0046-0030	361	0	0
s5-0046-0031	367	0	0
s5-0047-0000	242	0	0
s5-0047-0001	241	0	0
s5-0047-0002	236	0	0
s5-0047-0003	236	0	0
s5-0047-0004	231	0	0
s5-0047-0005	232	0	0
s5-0047-0006	230	0	0
s5-0047-0007	230	0	0
s5-0047-0008	233	0	0
s5-0047-0009	237	0	0
s5-0047-0010	238	0	0
s5-0047-0011	240	0	0
s5-0047-0012	236	0	0
s5-0047-0013	234	0	0
s5-0047-0014	231	0	0
s5-0047-0015	230	0	0
s5-0047-0016	234	0	0
s5-0047-0017	68	0	0
s5-0047-0018	233	0	0
s5-0047-0019	228	0	0
s5-0047-0020	31	0	0
s5-0047-0021	31	0	0
s5-0047-0022	31	0	0
s5-0047-0023	30	0	0
s5-0047-0024	31	0	0
s5-0047-0025	30	0	0
s5-0047-0026	31	0	0
s5-0047-0027	30	0	0
s5-0047-0028	30	0	0
s5-0047-0029	31	0	0
s5-0047-0030	31	0	0
s5-0047-0031	31	0	0
s5-0048-0000	73	0	15
s5-0048-0001	32	0	4
s5-0048-0002	31	0	0
s5-0048-0003	31	0	0
s5-0048-0004	31	0	5
s5-0048-0005	32	0	5
s5-0048-0006	31	0	2
s5-0048-0007	31	0	0
s5-0048-0008	31	0	2
s5-0048-0009	32	0	1
s5-0048-0010	43	0	69
s5-0048-0011	33	0	0
s5-0048-0012	31	0	0
s5-0048-0013	69	0	0
s5-0048-0014	30	0	0
s5-0048-0015	29	0	0
s5-0048-0016	32	0	5
s5-0048-0017	31	0	16
s5-0048-0018	32	0	0
s5-0048-0019	31	0	0
s5-0048-0020	33	0	3
s5-0048-0021	33	0	7
s5-0048-0022	33	0	0
s5-0048-0023	33	0	7
s5-0048-0024	32	0	4
s5-0048-0025	31	0	0
s5-0048-0026	31	0	9
s5-0048-0027	30	0	0
s5-0048-0028	72	0	0
s5-0048-0029	32	0	0
s5-0048-0030	31	0	0
s5-0048-0031	31	0	0
s5-0049-0000	241	0	8
s5-0049-0001	240	0	0
s5-0049-0002	238	0	2
s5-0049-0003	237	0	3
s5-0049-0004	32	0	1
s5-0049-0005	228	0	0
s5-0049-0006	231	0	0
s5-0049-0007	222	0	0
s5-0049-0008	229	0	3
s5-0049-0009	236	0	0
s5-0049-0010	243	0	0
s5-0049-0011	240	0	1
s5-0049-0012	237	0	0
s5-0049-0013	234	0	0
s5-0049-0014	233	0	0
s5-0049-0015	234	0	0
s5-0049-0016	234	0	0
s5-0049-0017	233	0	0
s5-0049-0018	29	0	0
s5-0049-0019	234	0	1
s5-0049-0020	245	0	22
s5-0049-0021	31	0	3
s5-0049-0022	32	0	0
s5-0049-0023	31	0	0
s5-0049-0024	31	0	2
s5-0049-0025	230	0	0
s5-0049-0026	31	0	0
s5-0049-0027	230	0	0
s5-0049-0028	227	0	0
s5-0049-0029	233	0	0
s5-0049-0030	230	0	0
s5-0049-0031	229	0	0
s5-0050-0000	45	0	585
s5-0050-0001	240	0	70
s5-0050-0002	234	0	60
s5-0050-0003	238	0	6
s5-0050-0004	233	0	74
s5-0050-0005	38	0	452
s5-0050-0006	232	0	47
s5-0050-0007	231	0	8
s5-0050-0008	241	0	74
s5-0050-0009	239	0	3
s5-0050-0010	294	0	1752
s5-0050-0011	34	0	93
s5-0050-0012	32	0	39
s5-0050-0013	32	0	53
s5-0050-0014	235	0	0
s5-0050-0015	68	0	0
s5-0050-0016	241	0	135
s5-0050-0017	238	0	23
s5-0050-0018	238	0	8
s5-0050-0019	31	0	1
s5-0050-0020	253	0	42
s5-0050-0021	261	0	213
s5-0050-0022	238	0	5
s5-0050-0023	33	0	0
s5-0050-0024	32	0	40
s5-0050-0025	30	0	3
s5-0050-0026	34	0	116
s5-0050-0027	31	0	1
s5-0050-0028	35	0	10
s5-0050-0029	30	0	15
s5-0050-0030	31	0	0
s5-0050-0031	32	0	0
s5-0051-0000	34	0	31
s5-0051-0001	32	0	5
s5-0051-0002	233	0	6
s5-0051-0003	233	0	3
s5-0051-0004	67	0	1
s5-0051-0005	230	0	9
s5-0051-0006	230	0	6
s5-0051-0007	30	0	0
s5-0051-0008	31	0	10
s5-0051-0009	30	0	0
s5-0051-0010	33	0	1
s5-0051-0011	31	0	0
s5-0051-0012	31	0	66
s5-0051-0013	30	0	0
s5-0051-0014	30	0	11
s5-0051-0015	31	0	0
s5-0051-0016	31	0	2
s5-0051-0017	30	0	0
s5-0051-0018	30	0	7
s5-0051-0019	67	0	0
s5-0051-0020	32	0	4
s5-0051-0021	32	0	7
s5-0051-0022	32	0	1
s5-0051-0023	30	0	0
s5-0051-0024	32	0	16
s5-0051-0025	31	0	2
s5-0051-0026	235	0	56
s5-0051-0027	33	0	22
s5-0051-0028	233	0	0
s5-0051-0029	237	0	0
s5-0051-0030	233	0	0
s5-0051-0031	234	0	0
s5-0052-0000	240	0	4
s5-0052-0001	238	0	0
s5-0052-0002	236	0	0
s5-0052-0003	30	0	0
s5-0052-0004	230	0	0
s5-0052-0005	228	0	0
s5-0052-0006	231	0	0
s5-0052-0007	231	0	1
s5-0052-0008	31	0	0
s5-0052-0009	30	0	1
s5-0052-0010	239	0	0
s5-0052-0011	236	0	0
s5-0052-0012	235	0	2
s5-0052-0013	235	0	9
s5-0052-0014	31	0	2
s5-0052-0015	231	0	1
s5-0052-0016	31	0	0
s5-0052-0017	233	0	0
s5-0052-0018	67	0	0
s5-0052-0019	233	0	0
s5-0052-0020	235	0	0
s5-0052-0021	236	0	0
s5-0052-0022	232	0	0
s5-0052-0023	29	0	0
s5-0052-0024	233	0	8
s5-0052-0025	226	0	0
s5-0052-0026	232	0	10
s5-0052-0027	29	0	0
s5-0052-0028	30	0	0
s5-0052-0029	31	0	0
s5-0052-0030	31	0	0
s5-0052-0031	32	0	0
s5-0053-0000	238	0	31
s5-0053-0001	234	0	6
s5-0053-0002	232	0	4
s5-0053-0003	231	0	8
s5-0053-0004	228	0	8
s5-0053-0005	224	0	4
s5-0053-0006	230	0	5
s5-0053-0007	223	0	1
s5-0053-0008	231	0	13
s5-0053-0009	30	0	1
s5-0053-0010	30	0	0
s5-0053-0011	235	0	3
s5-0053-0012	31	0	42
s5-0053-0013	231	0	10
s5-0053-0014	235	0	10
s5-0053-0015	32	0	3
s5-0053-0016	32	0	2
s5-0053-0017	30	0	6
s5-0053-0018	221	0	10
s5-0053-0019	230	0	0
s5-0053-0020	69	0	10
s5-0053-0021	53	0	213
s5-0053-0022	232	0	2
s5-0053-0023	30	0	0
s5-0053-0024	31	0	28
s5-0053-0025	32	0	15
s5-0053-0026	31	0	63
s5-0053-0027	32	0	0
s5-0053-0028	236	0	0
s5-0053-0029	232	0	0
s5-0053-0030	234	0	0
s5-0053-0031	234	0	0
s5-0054-0000	31	0	22
s5-0054-0001	238	0	3
s5-0054-0002	29	0	4
s5-0054-0003	31	0	2
s5-0054-0004	30	0	0
s5-0054-0005	31	0	3
s5-0054-0006	31	0	6
s5-0054-0007	67	0	0
s5-0054-0008	31	0	7
s5-0054-0009	29	0	0
s5-0054-0010	31	0	0
s5-0054-0011	31	0	0
s5-0054-0012	31	0	27
s5-0054-0013	30	0	0
s5-0054-0014	31	0	5
s5-0054-0015	31	0	0
s5-0054-0016	30	0	1
s5-0054-0017	32	0	0
s5-0054-0018	31	0	7
s5-0054-0019	30	0	0
s5-0054-0020	32	0	4
s5-0054-0021	31	0	7
s5-0054-0022	69	0	1
s5-0054-0023	231	0	0
s5-0054-0024	31	0	15
s5-0054-0025	233	0	1
s5-0054-0026	33	0	56
s5-0054-0027	33	0	22
s5-0054-0028	233	0	0
s5-0054-0029	232	0	0
s5-0054-0030	235	0	0
s5-0054-0031	234	0	0
s5-0055-0000	239	0	17
s5-0055-0001	238	0	7
s5-0055-0002	236	0	2
s5-0055-0003	235	0	2
s5-0055-0004	33	0	7
s5-0055-0005	228	0	7
s5-0055-0006	231	0	0
s5-0055-0007	228	0	1
s5-0055-0008	235	0	8
s5-0055-0009	234	0	1
s5-0055-0010	243	0	2
s5-0055-0011	238	0	0
s5-0055-0012	236	0	22
s5-0055-0013	31	0	14
s5-0055-0014	30	0	5
s5-0055-0015	31	0	4
s5-0055-0016	235	0	0
s5-0055-0017	228	0	0
s5-0055-0018	31	0	4
s5-0055-0019	227	0	0
s5-0055-0020	33	0	9
s5-0055-0021	240	0	8
s5-0055-0022	227	0	0
s5-0055-0023	232	0	0
s5-0055-0024	233	0	21
s5-0055-0025	230	0	9
s5-0055-0026	233	0	16
s5-0055-0027	39	0	17
s5-0055-0028	231	0	0
s5-0055-0029	228	0	0
s5-0055-0030	230	0	0
s5-0055-0031	30	0	0
s5-0056-0000	332	0	0
s5-0056-0001	48	0	0
s5-0056-0002	323	0	0
s5-0056-0003	329	0	0
s5-0056-0004	282	0	0
s5-0056-0005	40	0	0
s5-0056-0006	83	0	0
s5-0056-0007	40	0	0
s5-0056-0008	40	0	0
s5-0056-0009	278	0	1
s5-0056-0010	291	0	0
s5-0056-0011	288	0	0
s5-0056-0012	298	0	0
s5-0056-0013	41	0	0
s5-0056-0014	293	0	0
s5-0056-0015	42	0	0
s5-0056-0016	283	0	1
s5-0056-0017	38	0	0
s5-0056-0018	40	0	0
s5-0056-0019	40	0	0
s5-0056-0020	42	0	0
s5-0056-0021	42	0	0
s5-0056-0022	293	0	0
s5-0056-0023	294	0	0
s5-0056-0024	306	0	0
s5-0056-0025	307	0	0
s5-0056-0026	44	0	1
s5-0056-0027	42	0	0
s5-0056-0028	352	0	0
s5-0056-0029	54	0	0
s5-0056-0030	94	0	0
s5-0056-0031	55	0	0
s5-0057-0000	33	0	3
s5-0057-0001	31	0	0
s5-0057-0002	30	0	0
s5-0057-0003	31	0	0
s5-0057-0004	30	0	0
s5-0057-0005	29	0	5
s5-0057-0006	31	0	0
s5-0057-0007	31	0	0
s5-0057-0008	30	0	0
s5-0057-0009	31	0	1
s5-0057-0010	32	0	0
s5-0057-0011	30	0	0
s5-0057-0012	231	0	0
s5-0057-0013	31	0	0
s5-0057-0014	31	0	0
s5-0057-0015	227	0	0
s5-0057-0016	66	0	0
s5-0057-0017	231	0	0
s5-0057-0018	230	0	0
s5-0057-0019	231	0	0
s5-0057-0020	31	0	0
s5-0057-0021	239	0	0
s5-0057-0022	233	0	0
s5-0057-0023	235	0	0
s5-0057-0024	234	0	0
s5-0057-0025	31	0	2
s5-0057-0026	232	0	0
s5-0057-0027	231	0	0
s5-0057-0028	235	0	0
s5-0057-0029	232	0	0
s5-0057-0030	30	0	0
s5-0057-0031	235	0	0
s5-0058-0000	244	0	65
s5-0058-0001	240	0	11
s5-0058-0002	30	0	3
s5-0058-0003	237	0	7
s5-0058-0004	31	0	7
s5-0058-0005	229	0	3
s5-0058-0006	225	0	0
s5-0058-0007	224	0	3
s5-0058-0008	31	0	9
s5-0058-0009	230	0	9
s5-0058-0010	239	0	39
s5-0058-0011	228	0	0
s5-0058-0012	31	0	35
s5-0058-0013	234	0	50
s5-0058-0014	225	0	0
s5-0058-0015	226	0	0
s5-0058-0016	31	0	8
s5-0058-0017	231	0	4
s5-0058-0018	226	0	0
s5-0058-0019	33	0	0
s5-0058-0020	240	0	10
s5-0058-0021	240	0	0
s5-0058-0022	31	0	0
s5-0058-0023	32	0	0
s5-0058-0024	32	0	16
s5-0058-0025	32	0	42
s5-0058-0026	68	0	2
s5-0058-0027	32	0	0
s5-0058-0028	30	0	0
s5-0058-0029	36	0	0
s5-0058-0030	31	0	0
s5-0058-0031	30	0	0
s5-0059-0000	33	0	33
s5-0059-0001	32	0	4
s5-0059-0002	232	0	11
s5-0059-0003	30	0	1
s5-0059-0004	221	0	10
s5-0059-0005	31	0	1
s5-0059-0006	31	0	1
s5-0059-0007	228	0	0
s5-0059-0008	234	0	11
s5-0059-0009	30	0	2
s5-0059-0010	70	0	22
s5-0059-0011	32	0	7
s5-0059-0012	237	0	117
s5-0059-0013	43	0	11
s5-0059-0014	224	0	2
s5-0059-0015	29	0	1
s5-0059-0016	232	0	13
s5-0059-0017	231	0	1
s5-0059-0018	229	0	4
s5-0059-0019	233	0	0
s5-0059-0020	33	0	25
s5-0059-0021	33	0	0
s5-0059-0022	30	0	1
s5-0059-0023	31	0	0
s5-0059-0024	30	0	21
s5-0059-0025	235	0	8
s5-0059-0026	32	0	22
s5-0059-0027	235	0	1
s5-0059-0028	32	0	0
s5-0059-0029	31	0	0
s5-0059-0030	32	0	0
s5-0059-0031	231	0	0
s5-0060-0000	34	0	19
s5-0060-0001	240	0	3
s5-0060-0002	30	0	1
s5-0060-0003	69	0	0
s5-0060-0004	30	0	2
s5-0060-0005	31	0	1
s5-0060-0006	230	0	0
s5-0060-0007	30	0	1
s5-0060-0008	236	0	0
s5-0060-0009	32	0	0
s5-0060-0010	32	0	0
s5-0060-0011	236	0	0
s5-0060-0012	31	0	54
s5-0060-0013	233	0	1
s5-0060-0014	227	0	0
s5-0060-0015	235	0	0
s5-0060-0016	232	0	3
s5-0060-0017	232	0	0
s5-0060-0018	231	0	0
s5-0060-0019	231	0	0
s5-0060-0020	238	0	1
s5-0060-0021	32	0	0
s5-0060-0022	236	0	0
s5-0060-0023	236	0	0
s5-0060-0024	32	0	23
s5-0060-0025	230	0	0
s5-0060-0026	226	0	1
s5-0060-0027	234	0	1
s5-0060-0028	235	0	0
s5-0060-0029	235	0	0
s5-0060-0030	30	0	0
s5-0060-0031	229	0	0
s5-0061-0000	240	0	41
s5-0061-0001	239	0	0
s5-0061-0002	233	0	3
s5-0061-0003	238	0	2
s5-0061-0004	31	0	7
s5-0061-0005	31	0	3
s5-0061-0006	224	0	0
s5-0061-0007	29	0	0
s5-0061-0008	227	0	6
s5-0061-0009	232	0	0
s5-0061-0010	234	0	3
s5-0061-0011	69	0	1
s5-0061-0012	235	0	16
s5-0061-0013	235	0	7
s5-0061-0014	31	0	0
s5-0061-0015	31	0	0
s5-0061-0016	231	0	7
s5-0061-0017	30	0	0
s5-0061-0018	223	0	1
s5-0061-0019	30	0	2
s5-0061-0020	33	0	29
s5-0061-0021	32	0	0
s5-0061-0022	31	0	18
s5-0061-0023	31	0	0
s5-0061-0024	30	0	12
s5-0061-0025	30	0	3
s5-0061-0026	31	0	0
s5-0061-0027	36	0	1
s5-0061-0028	219	0	0
s5-0061-0029	31	0	0
s5-0061-0030	67	0	0
s5-0061-0031	231	0	0
s5-0062-0000	51	0	0
s5-0062-0001	47	0	0
s5-0062-0002	323	0	0
s5-0062-0003	48	0	1
s5-0062-0004	286	0	1
s5-0062-0005	40	0	0
s5-0062-0006	281	0	1
s5-0062-0007	40	0	0
s5-0062-0008	288	0	0
s5-0062-0009	283	0	0
s5-0062-0010	292	0	0
s5-0062-0011	285	0	0
s5-0062-0012	298	0	1
s5-0062-0013	45	0	0
s5-0062-0014	40	0	0
s5-0062-0015	42	0	0
s5-0062-0016	41	0	2
s5-0062-0017	38	0	0
s5-0062-0018	83	0	0
s5-0062-0019	40	0	2
s5-0062-0020	295	0	0
s5-0062-0021	299	0	0
s5-0062-0022	306	0	0
s5-0062-0023	40	0	0
s5-0062-0024	44	0	0
s5-0062-0025	310	0	0
s5-0062-0026	47	0	0
s5-0062-0027	44	0	0
s5-0062-0028	54	0	0
s5-0062-0029	54	0	0
s5-0062-0030	358	0	0
s5-0062-0031	360	0	0
s5-0063-0000	247	0	113
s5-0063-0001	240	0	14
s5-0063-0002	239	0	24
s5-0063-0003	237	0	27
s5-0063-0004	231	0	4
s5-0063-0005	228	0	35
s5-0063-0006	30	0	0
s5-0063-0007	230	0	0
s5-0063-0008	238	0	25
s5-0063-0009	232	0	0
s5-0063-0010	237	0	13
s5-0063-0011	237	0	10
s5-0063-0012	237	0	35
s5-0063-0013	32	0	72
s5-0063-0014	235	0	5
s5-0063-0015	229	0	0
s5-0063-0016	31	0	12
s5-0063-0017	226	0	1
s5-0063-0018	232	0	4
s5-0063-0019	68	0	2
s5-0063-0020	240	0	7
s5-0063-0021	241	0	1
s5-0063-0022	235	0	0
s5-0063-0023	29	0	0
s5-0063-0024	97	0	69
s5-0063-0025	233	0	11
s5-0063-0026	233	0	13
s5-0063-0027	239	0	19
s5-0063-0028	234	0	0
s5-0063-0029	31	0	0
s5-0063-0030	233	0	0
s5-0063-0031	31	0	0
s5-0064-0000	241	0	12
s5-0064-0001	237	0	0
s5-0064-0002	234	0	0
s5-0064-0003	236	0	0
s5-0064-0004	30	0	2
s5-0064-0005	230	0	0
s5-0064-0006	31	0	3
s5-0064-0007	29	0	0
s5-0064-0008	31	0	2
s5-0064-0009	30	0	0
s5-0064-0010	33	0	0
s5-0064-0011	32	0	0
s5-0064-0012	30	0	22
s5-0064-0013	69	0	4
s5-0064-0014	229	0	18
s5-0064-0015	30	0	6
s5-0064-0016	30	0	2
s5-0064-0017	229	0	0
s5-0064-0018	31	0	0
s5-0064-0019	30	0	0
s5-0064-0020	31	0	9
s5-0064-0021	33	0	0
s5-0064-0022	31	0	0
s5-0064-0023	35	0	0
s5-0064-0024	31	0	3
s5-0064-0025	31	0	0
s5-0064-0026	31	0	0
s5-0064-0027	69	0	0
s5-0064-0028	30	0	0
s5-0064-0029	31	0	0
s5-0064-0030	31	0	0
s5-0064-0031	31	0	0
s5-0065-0000	245	0	2
s5-0065-0001	35	0	1
s5-0065-0002	30	0	1
s5-0065-0003	229	0	0
s5-0065-0004	30	0	0
s5-0065-0005	232	0	0
s5-0065-0006	31	0	1
s5-0065-0007	231	0	0
s5-0065-0008	231	0	1
s5-0065-0009	235	0	0
s5-0065-0010	33	0	0
s5-0065-0011	32	0	0
s5-0065-0012	232	0	0
s5-0065-0013	236	0	0
s5-0065-0014	29	0	0
s5-0065-0015	30	0	1
s5-0065-0016	31	0	0
s5-0065-0017	67	0	0
s5-0065-0018	33	0	0
s5-0065-0019	233	0	0
s5-0065-0020	245	0	1
s5-0065-0021	33	0	0
s5-0065-0022	237	0	0
s5-0065-0023	31	0	0
s5-0065-0024	233	0	1
s5-0065-0025	235	0	0
s5-0065-0026	29	0	0
s5-0065-0027	230	0	0
s5-0065-0028	235	0	0
s5-0065-0029	233	0	0
s5-0065-0030	234	0	0
s5-0065-0031	226	0	0
s5-0066-0000	248	0	79
s5-0066-0001	240	0	2
s5-0066-0002	234	0	5
s5-0066-0003	30	0	0
s5-0066-0004	229	0	10
s5-0066-0005	227	0	0
s5-0066-0006	229	0	6
s5-0066-0007	231	0	2
s5-0066-0008	32	0	6
s5-0066-0009	237	0	1
s5-0066-0010	247	0	0
s5-0066-0011	237	0	0
s5-0066-0012	235	0	42
s5-0066-0013	236	0	6
s5-0066-0014	233	0	37
s5-0066-0015	232	0	6
s5-0066-0016	231	0	5
s5-0066-0017	233	0	0
s5-0066-0018	31	0	0
s5-0066-0019	234	0	0
s5-0066-0020	141	0	121
s5-0066-0021	33	0	31
s5-0066-0022	32	0	1
s5-0066-0023	233	0	0
s5-0066-0024	236	0	24
s5-0066-0025	233	0	0
s5-0066-0026	31	0	9
s5-0066-0027	235	0	0
s5-0066-0028	235	0	0
s5-0066-0029	232	0	0
s5-0066-0030	32	0	0
s5-0066-0031	68	0	0
s5-0067-0000	33	0	2
s5-0067-0001	33	0	0
s5-0067-0002	31	0	1
s5-0067-0003	30	0	0
s5-0067-0004	31	0	0
s5-0067-0005	220	0	1
s5-0067-0006	30	0	0
s5-0067-0007	29	0	0
s5-0067-0008	32	0	3
s5-0067-0009	231	0	0
s5-0067-0010	32	0	25
s5-0067-0011	232	0	0
s5-0067-0012	32	0	1
s5-0067-0013	231	0	0
s5-0067-0014	69	0	5
s5-0067-0015	31	0	0
s5-0067-0016	30	0	0
s5-0067-0017	30	0	0
s5-0067-0018	30	0	0
s5-0067-0019	32	0	0
s5-0067-0020	32	0	1
s5-0067-0021	32	0	0
s5-0067-0022	31	0	0
s5-0067-0023	32	0	0
s5-0067-0024	31	0	3
s5-0067-0025	231	0	0
s5-0067-0026	34	0	0
s5-0067-0027	234	0	0
s5-0067-0028	236	0	1
s5-0067-0029	236	0	0
s5-0067-0030	30	0	0
s5-0067-0031	68	0	0
s5-0068-0000	51	0	7
s5-0068-0001	327	0	5
s5-0068-0002	49	0	3
s5-0068-0003	47	0	0
s5-0068-0004	285	0	1
s5-0068-0005	282	0	2
s5-0068-0006	40	0	0
s5-0068-0007	283	0	0
s5-0068-0008	40	0	2
s5-0068-0009	39	0	0
s5-0068-0010	290	0	57
s5-0068-0011	284	0	0
s5-0068-0012	292	0	7
s5-0068-0013	286	0	0
s5-0068-0014	289	0	2
s5-0068-0015	293	0	0
s5-0068-0016	282	0	2
s5-0068-0017	284	0	0
s5-0068-0018	280	0	1
s5-0068-0019	285	0	0
s5-0068-0020	42	0	11
s5-0068-0021	301	0	0
s5-0068-0022	294	0	0
s5-0068-0023	40	0	0
s5-0068-0024	302	0	0
s5-0068-0025	44	0	1
s5-0068-0026	307	0	3
s5-0068-0027	299	0	0
s5-0068-0028	55	0	0
s5-0068-0029	357	0	0
s5-0068-0030	363	0	0
s5-0068-0031	374	0	0
s5-0069-0000	73	0	74
s5-0069-0001	32	0	10
s5-0069-0002	234	0	11
s5-0069-0003	234	0	8
s5-0069-0004	228	0	10
s5-0069-0005	230	0	2
s5-0069-0006	230	0	1
s5-0069-0007	226	0	1
s5-0069-0008	33	0	9
s5-0069-0009	235	0	2
s5-0069-0010	246	0	101
s5-0069-0011	240	0	11
s5-0069-0012	234	0	1
s5-0069-0013	235	0	0
s5-0069-0014	234	0	5
s5-0069-0015	224	0	0
s5-0069-0016	234	0	6
s5-0069-0017	234	0	1
s5-0069-0018	30	0	2
s5-0069-0019	31	0	7
s5-0069-0020	35	0	161
s5-0069-0021	33	0	41
s5-0069-0022	32	0	0
s5-0069-0023	31	0	2
s5-0069-0024	224	0	11
s5-0069-0025	31	0	5
s5-0069-0026	31	0	0
s5-0069-0027	31	0	0
s5-0069-0028	30	0	3
s5-0069-0029	69	0	3
s5-0069-0030	31	0	0
s5-0069-0031	230	0	0
s5-0070-0000	242	0	11
s5-0070-0001	34	0	1
s5-0070-0002	31	0	1
s5-0070-0003	31	0	0
s5-0070-0004	232	0	0
s5-0070-0005	30	0	2
s5-0070-0006	30	0	0
s5-0070-0007	31	0	0
s5-0070-0008	30	0	1
s5-0070-0009	31	0	0
s5-0070-0010	34	0	63
s5-0070-0011	32	0	2
s5-0070-0012	30	0	0
s5-0070-0013	31	0	0
s5-0070-0014	69	0	3
s5-0070-0015	30	0	0
s5-0070-0016	231	0	3
s5-0070-0017	31	0	2
s5-0070-0018	38	0	5
s5-0070-0019	30	0	0
s5-0070-0020	33	0	41
s5-0070-0021	237	0	0
s5-0070-0022	236	0	1
s5-0070-0023	31	0	0
s5-0070-0024	233	0	3
s5-0070-0025	30	0	0
s5-0070-0026	31	0	0
s5-0070-0027	30	0	0
s5-0070-0028	32	0	2
s5-0070-0029	32	0	0
s5-0070-0030	32	0	0
s5-0070-0031	29	0	0
s5-0071-0000	71	0	0
s5-0071-0001	32	0	0
s5-0071-0002	31	0	0
s5-0071-0003	237	0	0
s5-0071-0004	32	0	0
s5-0071-0005	229	0	0
s5-0071-0006	228	0	0
s5-0071-0007	31	0	0
s5-0071-0008	237	0	0
s5-0071-0009	231	0	0
s5-0071-0010	238	0	0
s5-0071-0011	234	0	0
s5-0071-0012	30	0	0
s5-0071-0013	233	0	0
s5-0071-0014	231	0	0
s5-0071-0015	33	0	0
s5-0071-0016	220	0	0
s5-0071-0017	230	0	0
s5-0071-0018	227	0	0
s5-0071-0019	229	0	0
s5-0071-0020	237	0	0
s5-0071-0021	234	0	0
s5-0071-0022	234	0	0
s5-0071-0023	234	0	0
s5-0071-0024	234	0	0
s5-0071-0025	233	0	0
s5-0071-0026	237	0	0
s5-0071-0027	232	0	0
s5-0071-0028	233	0	0
s5-0071-0029	232	0	0
s5-0071-0030	223	0	0
s5-0071-0031	228	0	0
s5-0072-0000	237	0	83
s5-0072-0001	237	0	11
s5-0072-0002	237	0	8
s5-0072-0003	233	0	3
s5-0072-0004	231	0	18
s5-0072-0005	229	0	4
s5-0072-0006	232	0	0
s5-0072-0007	230	0	0
s5-0072-0008	235	0	37
s5-0072-0009	236	0	7
s5-0072-0010	285	0	1907
s5-0072-0011	234	0	50
s5-0072-0012	228	0	1
s5-0072-0013	233	0	0
s5-0072-0014	237	0	29
s5-0072-0015	235	0	0
s5-0072-0016	234	0	10
s5-0072-0017	231	0	0
s5-0072-0018	231	0	3
s5-0072-0019	234	0	0
s5-0072-0020	242	0	174
s5-0072-0021	243	0	55
s5-0072-0022	236	0	3
s5-0072-0023	236	0	0
s5-0072-0024	235	0	16
s5-0072-0025	236	0	8
s5-0072-0026	234	0	0
s5-0072-0027	234	0	0
s5-0072-0028	233	0	4
s5-0072-0029	30	0	0
s5-0072-0030	31	0	0
s5-0072-0031	32	0	0
s5-0073-0000	50	0	4
s5-0073-0001	87	0	0
s5-0073-0002	52	0	2
s5-0073-0003	48	0	0
s5-0073-0004	39	0	0
s5-0073-0005	41	0	1
s5-0073-0006	41	0	0
s5-0073-0007	40	0	0
s5-0073-0008	40	0	0
s5-0073-0009	40	0	0
s5-0073-0010	40	0	12
s5-0073-0011	41	0	1
s5-0073-0012	42	0	5
s5-0073-0013	83	0	0
s5-0073-0014	42	0	0
s5-0073-0015	40	0	0
s5-0073-0016	40	0	1
s5-0073-0017	38	0	0
s5-0073-0018	40	0	0
s5-0073-0019	40	0	0
s5-0073-0020	41	0	0
s5-0073-0021	43	0	0
s5-0073-0022	40	0	0
s5-0073-0023	42	0	0
s5-0073-0024	45	0	0
s5-0073-0025	44	0	0
s5-0073-0026	88	0	4
s5-0073-0027	43	0	0
s5-0073-0028	54	0	0
s5-0073-0029	52	0	0
s5-0073-0030	55	0	0
s5-0073-0031	56	0	0
s5-0074-0000	45	0	18
s5-0074-0001	31	0	2
s5-0074-0002	229	0	1
s5-0074-0003	232	0	1
s5-0074-0004	31	0	5
s5-0074-0005	229	0	18
s5-0074-0006	226	0	2
s5-0074-0007	226	0	1
s5-0074-0008	237	0	5
s5-0074-0009	236	0	0
s5-0074-0010	234	0	7
s5-0074-0011	238	0	2
s5-0074-0012	236	0	86
s5-0074-0013	233	0	1
s5-0074-0014	228	0	4
s5-0074-0015	230	0	1
s5-0074-0016	232	0	6
s5-0074-0017	232	0	0
s5-0074-0018	228	0	0
s5-0074-0019	230	0	0
s5-0074-0020	242	0	3
s5-0074-0021	240	0	3
s5-0074-0022	237	0	0
s5-0074-0023	232	0	0
s5-0074-0024	230	0	12
s5-0074-0025	236	0	2
s5-0074-0026	234	0	1
s5-0074-0027	233	0	2
s5-0074-0028	231	0	0
s5-0074-0029	231	0	0
s5-0074-0030	230	0	0
s5-0074-0031	229	0	0
s5-0075-0000	240	0	10
s5-0075-0001	236	0	2
s5-0075-0002	234	0	1
s5-0075-0003	234	0	0
s5-0075-0004	231	0	3
s5-0075-0005	231	0	1
s5-0075-0006	231	0	1
s5-0075-0007	227	0	1
s5-0075-0008	234	0	3
s5-0075-0009	230	0	0
s5-0075-0010	239	0	5
s5-0075-0011	237	0	0
s5-0075-0012	231	0	4
s5-0075-0013	30	0	0
s5-0075-0014	233	0	1
s5-0075-0015	232	0	0
s5-0075-0016	30	0	1
s5-0075-0017	31	0	0
s5-0075-0018	34	0	0
s5-0075-0019	30	0	0
s5-0075-0020	70	0	0
s5-0075-0021	32	0	0
s5-0075-0022	31	0	0
s5-0075-0023	30	0	0
s5-0075-0024	31	0	19
s5-0075-0025	31	0	0
s5-0075-0026	236	0	15
s5-0075-0027	32	0	0
s5-0075-0028	31	0	0
s5-0075-0029	31	0	0
s5-0075-0030	30	0	0
s5-0075-0031	31	0	0
s5-0076-0000	35	0	0
s5-0076-0001	34	0	1
s5-0076-0002	70	0	0
s5-0076-0003	32	0	0
s5-0076-0004	34	0	2
s5-0076-0005	30	0	0
s5-0076-0006	32	0	2
s5-0076-0007	32	0	2
s5-0076-0008	33	0	0
s5-0076-0009	32	0	0
s5-0076-0010	33	0	4
s5-0076-0011	33	0	0
s5-0076-0012	32	0	1
s5-0076-0013	31	0	0
s5-0076-0014	32	0	0
s5-0076-0015	68	0	0
s5-0076-0016	31	0	2
s5-0076-0017	31	0	0
s5-0076-0018	32	0	1
s5-0076-0019	31	0	0
s5-0076-0020	34	0	0
s5-0076-0021	35	0	0
s5-0076-0022	32	0	0
s5-0076-0023	32	0	0
s5-0076-0024	32	0	1
s5-0076-0025	229	0	0
s5-0076-0026	32	0	0
s5-0076-0027	31	0	0
s5-0076-0028	233	0	0
s5-0076-0029	228	0	0
s5-0076-0030	232	0	0
s5-0076-0031	32	0	0
s5-0077-0000	242	0	2
s5-0077-0001	30	0	1
s5-0077-0002	68	0	1
s5-0077-0003	231	0	1
s5-0077-0004	30	0	1
s5-0077-0005	230	0	1
s5-0077-0006	228	0	0
s5-0077-0007	227	0	0
s5-0077-0008	233	0	2
s5-0077-0009	228	0	0
s5-0077-0010	240	0	1
s5-0077-0011	235	0	0
s5-0077-0012	233	0	7
s5-0077-0013	230	0	0
s5-0077-0014	225	0	0
s5-0077-0015	230	0	0
s5-0077-0016	231	0	1
s5-0077-0017	227	0	0
s5-0077-0018	233	0	0
s5-0077-0019	234	0	0
s5-0077-0020	235	0	1
s5-0077-0021	241	0	0
s5-0077-0022	231	0	0
s5-0077-0023	236	0	2
s5-0077-0024	231	0	7
s5-0077-0025	235	0	0
s5-0077-0026	233	0	2
s5-0077-0027	236	0	0
s5-0077-0028	235	0	0
s5-0077-0029	228	0	0
s5-0077-0030	230	0	0
s5-0077-0031	236	0	0
s5-0078-0000	340	0	133
s5-0078-0001	327	0	5
s5-0078-0002	329	0	14
s5-0078-0003	49	0	0
s5-0078-0004	287	0	10
s5-0078-0005	287	0	26
s5-0078-0006	282	0	5
s5-0078-0007	280	0	4
s5-0078-0008	288	0	22
s5-0078-0009	284	0	1
s5-0078-0010	295	0	187
s5-0078-0011	288	0	19
s5-0078-0012	42	0	28
s5-0078-0013	43	0	31
s5-0078-0014	40	0	0
s5-0078-0015	40	0	0
s5-0078-0016	43	0	5
s5-0078-0017	40	0	9
s5-0078-0018	284	0	3
s5-0078-0019	82	0	2
s5-0078-0020	45	0	145
s5-0078-0021	42	0	0
s5-0078-0022	40	0	8
s5-0078-0023	41	0	0
s5-0078-0024	45	0	3
s5-0078-0025	44	0	0
s5-0078-0026	42	0	10
s5-0078-0027	44	0	1
s5-0078-0028	54	0	3
s5-0078-0029	54	0	0
s5-0078-0030	55	0	1
s5-0078-0031	54	0	0
s5-0079-0000	70	0	0
s5-0079-0001	31	0	0
s5-0079-0002	30	0	0
s5-0079-0003	31	0	0
s5-0079-0004	31	0	0
s5-0079-0005	29	0	0
s5-0079-0006	29	0	0
s5-0079-0007	31	0	0
s5-0079-0008	31	0	0
s5-0079-0009	31	0	0
s5-0079-0010	32	0	0
s5-0079-0011	30	0	0
s5-0079-0012	30	0	0
s5-0079-0013	69	0	0
s5-0079-0014	218	0	0
s5-0079-0015	228	0	0
s5-0079-0016	229	0	0
s5-0079-0017	31	0	0
s5-0079-0018	31	0	0
s5-0079-0019	227	0	0
s5-0079-0020	239	0	0
s5-0079-0021	32	0	0
s5-0079-0022	233	0	0
s5-0079-0023	229	0	0
s5-0079-0024	32	0	0
s5-0079-0025	231	0	0
s5-0079-0026	231	0	0
s5-0079-0027	229	0	0
s5-0079-0028	224	0	0
s5-0079-0029	235	0	0
s5-0079-0030	231	0	0
s5-0079-0031	235	0	0
s5-0080-0000	241	0	28
s5-0080-0001	237	0	3
s5-0080-0002	235	0	0
s5-0080-0003	232	0	1
s5-0080-0004	228	0	8
s5-0080-0005	231	0	16
s5-0080-0006	232	0	0
s5-0080-0007	229	0	0
s5-0080-0008	236	0	13
s5-0080-0009	234	0	1
s5-0080-0010	237	0	43
s5-0080-0011	233	0	0
s5-0080-0012	232	0	33
s5-0080-0013	233	0	0
s5-0080-0014	30	0	11
s5-0080-0015	234	0	0
s5-0080-0016	235	0	10
s5-0080-0017	230	0	0
s5-0080-0018	233	0	2
s5-0080-0019	233	0	0
s5-0080-0020	31	0	8
s5-0080-0021	32	0	8
s5-0080-0022	32	0	1
s5-0080-0023	32	0	0
s5-0080-0024	43	0	20
s5-0080-0025	31	0	4
s5-0080-0026	31	0	16
s5-0080-0027	69	0	14
s5-0080-0028	31	0	0
s5-0080-0029	31	0	0
s5-0080-0030	228	0	0
s5-0080-0031	234	0	0
s5-0081-0000	34	0	8
s5-0081-0001	240	0	0
s5-0081-0002	238	0	1
s5-0081-0003	235	0	1
s5-0081-0004	231	0	4
s5-0081-0005	232	0	0
s5-0081-0006	31	0	2
s5-0081-0007	232	0	0
s5-0081-0008	30	0	2
s5-0081-0009	33	0	0
s5-0081-0010	31	0	0
s5-0081-0011	32	0	0
s5-0081-0012	32	0	0
s5-0081-0013	32	0	1
s5-0081-0014	229	0	2
s5-0081-0015	237	0	1
s5-0081-0016	30	0	2
s5-0081-0017	233	0	1
s5-0081-0018	232	0	4
s5-0081-0019	68	0	0
s5-0081-0020	33	0	16
s5-0081-0021	33	0	6
s5-0081-0022	33	0	0
s5-0081-0023	31	0	0
s5-0081-0024	32	0	13
s5-0081-0025	30	0	0
s5-0081-0026	31	0	4
s5-0081-0027	32	0	0
s5-0081-0028	32	0	3
s5-0081-0029	32	0	0
s5-0081-0030	30	0	0
s5-0081-0031	30	0	0
s5-0082-0000	34	0	49
s5-0082-0001	32	0	2
s5-0082-0002	70	0	1
s5-0082-0003	31	0	2
s5-0082-0004	30	0	2
s5-0082-0005	29	0	1
s5-0082-0006	39	0	9
s5-0082-0007	226	0	21
s5-0082-0008	32	0	2
s5-0082-0009	31	0	3
s5-0082-0010	32	0	2
s5-0082-0011	231	0	0
s5-0082-0012	231	0	0
s5-0082-0013	229	0	1
s5-0082-0014	31	0	0
s5-0082-0015	31	0	11
s5-0082-0016	226	0	1
s5-0082-0017	228	0	14
s5-0082-0018	230	0	2
s5-0082-0019	231	0	0
s5-0082-0020	242	0	18
s5-0082-0021	239	0	128
s5-0082-0022	235	0	0
s5-0082-0023	232	0	0
s5-0082-0024	237	0	14
s5-0082-0025	233	0	0
s5-0082-0026	228	0	6
s5-0082-0027	225	0	0
s5-0082-0028	236	0	4
s5-0082-0029	236	0	0
s5-0082-0030	232	0	0
s5-0082-0031	235	0	0
s5-0083-0000	246	0	111
s5-0083-0001	240	0	12
s5-0083-0002	238	0	8
s5-0083-0003	234	0	10
s5-0083-0004	231	0	10
s5-0083-0005	232	0	3
s5-0083-0006	233	0	46
s5-0083-0007	232	0	49
s5-0083-0008	239	0	14
s5-0083-0009	238	0	3
s5-0083-0010	246	0	5
s5-0083-0011	235	0	0
s5-0083-0012	233	0	0
s5-0083-0013	32	0	0
s5-0083-0014	33	0	7
s5-0083-0015	32	0	10
s5-0083-0016	42	0	12
s5-0083-0017	69	0	3
s5-0083-0018	30	0	2
s5-0083-0019	31	0	0
s5-0083-0020	36	0	209
s5-0083-0021	36	0	42
s5-0083-0022	31	0	0
s5-0083-0023	31	0	0
s5-0083-0024	33	0	32
s5-0083-0025	232	0	7
s5-0083-0026	237	0	9
s5-0083-0027	235	0	3
s5-0083-0028	235	0	26
s5-0083-0029	235	0	6
s5-0083-0030	32	0	0
s5-0083-0031	235	0	0
s5-0084-0000	248	0	60
s5-0084-0001	241	0	8
s5-0084-0002	32	0	8
s5-0084-0003	31	0	4
s5-0084-0004	31	0	10
s5-0084-0005	31	0	7
s5-0084-0006	31	0	45
s5-0084-0007	68	0	3
s5-0084-0008	231	0	22
s5-0084-0009	235	0	1
s5-0084-0010	35	0	3
s5-0084-0011	31	0	1
s5-0084-0012	31	0	3
s5-0084-0013	31	0	0
s5-0084-0014	238	0	18
s5-0084-0015	31	0	0
s5-0084-0016	231	0	17
s5-0084-0017	30	0	3
s5-0084-0018	29	0	1
s5-0084-0019	31	0	0
s5-0084-0020	34	0	151
s5-0084-0021	31	0	18
s5-0084-0022	32	0	0
s5-0084-0023	30	0	0
s5-0084-0024	71	0	34
s5-0084-0025	30	0	4
s5-0084-0026	32	0	10
s5-0084-0027	32	0	3
s5-0084-0028	31	0	28
s5-0084-0029	31	0	3
s5-0084-0030	30	0	0
s5-0084-0031	228	0	0
s5-0085-0000	31	0	2
s5-0085-0001	32	0	0
s5-0085-0002	32	0	1
s5-0085-0003	31	0	1
s5-0085-0004	31	0	1
s5-0085-0005	224	0	0
s5-0085-0006	33	0	3
s5-0085-0007	227	0	0
s5-0085-0008	230	0	0
s5-0085-0009	233	0	0
s5-0085-0010	234	0	1
s5-0085-0011	69	0	0
s5-0085-0012	232	0	0
s5-0085-0013	232	0	0
s5-0085-0014	239	0	4
s5-0085-0015	232	0	0
s5-0085-0016	233	0	3
s5-0085-0017	234	0	1
s5-0085-0018	233	0	0
s5-0085-0019	30	0	0
s5-0085-0020	241	0	37
s5-0085-0021	244	0	9
s5-0085-0022	235	0	0
s5-0085-0023	31	0	0
s5-0085-0024	30	0	3
s5-0085-0025	237	0	1
s5-0085-0026	234	0	3
s5-0085-0027	235	0	0
s5-0085-0028	32	0	6
s5-0085-0029	236	0	0
s5-0085-0030	31	0	0
s5-0085-0031	235	0	0
s5-0086-0000	249	0	124
s5-0086-0001	242	0	5
s5-0086-0002	235	0	26
s5-0086-0003	239	0	3
s5-0086-0004	230	0	9
s5-0086-0005	234	0	26
s5-0086-0006	230	0	18
s5-0086-0007	230	0	4
s5-0086-0008	237	0	30
s5-0086-0009	234	0	1
s5-0086-0010	243	0	13
s5-0086-0011	236	0	0
s5-0086-0012	32	0	0
s5-0086-0013	30	0	0
s5-0086-0014	30	0	4
s5-0086-0015	32	0	1
s5-0086-0016	32	0	10
s5-0086-0017	31	0	34
s5-0086-0018	228	0	7
s5-0086-0019	33	0	1
s5-0086-0020	74	0	158
s5-0086-0021	31	0	0
s5-0086-0022	235	0	78
s5-0086-0023	30	0	0
s5-0086-0024	237	0	83
s5-0086-0025	32	0	14
s5-0086-0026	33	0	32
s5-0086-0027	240	0	3
s5-0086-0028	237	0	21
s5-0086-0029	32	0	0
s5-0086-0030	234	0	10
s5-0086-0031	235	0	0
s5-0087-0000	299	0	2013
s5-0087-0001	43	0	607
s5-0087-0002	51	0	1134
s5-0087-0003	258	0	1020
s5-0087-0004	42	0	648
s5-0087-0005	134	0	209
s5-0087-0006	44	0	765
s5-0087-0007	43	0	694
s5-0087-0008	268	0	1139
s5-0087-0009	242	0	250
s5-0087-0010	265	0	448
s5-0087-0011	79	0	475
s5-0087-0012	35	0	196
s5-0087-0013	32	0	50
s5-0087-0014	37	0	290
s5-0087-0015	33	0	239
s5-0087-0016	42	0	621
s5-0087-0017	35	0	210
s5-0087-0018	35	0	232
s5-0087-0019	34	0	254
s5-0087-0020	57	0	1589
s5-0087-0021	44	0	489
s5-0087-0022	244	0	488
s5-0087-0023	36	0	352
s5-0087-0024	263	0	1102
s5-0087-0025	40	0	477
s5-0087-0026	81	0	577
s5-0087-0027	43	0	761
s5-0087-0028	233	0	129
s5-0087-0029	233	0	32
s5-0087-0030	231	0	41
s5-0087-0031	230	0	78
s5-0088-0000	248	0	79
s5-0088-0001	238	0	7
s5-0088-0002	231	0	9
s5-0088-0003	237	0	7
s5-0088-0004	32	0	10
s5-0088-0005	234	0	2
s5-0088-0006	234	0	39
s5-0088-0007	233	0	0
s5-0088-0008	58	0	53
s5-0088-0009	238	0	3
s5-0088-0010	33	0	32
s5-0088-0011	241	0	1
s5-0088-0012	236	0	1
s5-0088-0013	236	0	0
s5-0088-0014	234	0	16
s5-0088-0015	31	0	2
s5-0088-0016	235	0	17
s5-0088-0017	233	0	2
s5-0088-0018	232	0	5
s5-0088-0019	233	0	2
s5-0088-0020	246	0	95
s5-0088-0021	239	0	0
s5-0088-0022	241	0	122
s5-0088-0023	238	0	0
s5-0088-0024	238	0	21
s5-0088-0025	236	0	13
s5-0088-0026	237	0	5
s5-0088-0027	241	0	10
s5-0088-0028	31	0	2
s5-0088-0029	235	0	0
s5-0088-0030	31	0	16
s5-0088-0031	234	0	0
s5-0089-0000	281	0	1372
s5-0089-0001	40	0	332
s5-0089-0002	41	0	475
s5-0089-0003	35	0	112
s5-0089-0004	243	0	345
s5-0089-0005	33	0	103
s5-0089-0006	39	0	566
s5-0089-0007	70	0	171
s5-0089-0008	261	0	818
s5-0089-0009	114	0	168
s5-0089-0010	256	0	280
s5-0089-0011	34	0	63
s5-0089-0012	243	0	83
s5-0089-0013	34	0	53
s5-0089-0014	245	0	205
s5-0089-0015	247	0	214
s5-0089-0016	35	0	333
s5-0089-0017	244	0	109
s5-0089-0018	31	0	99
s5-0089-0019	31	0	20
s5-0089-0020	47	0	1060
s5-0089-0021	40	0	326
s5-0089-0022	36	0	378
s5-0089-0023	32	0	81
s5-0089-0024	254	0	643
s5-0089-0025	237	0	307
s5-0089-0026	36	0	263
s5-0089-0027	73	0	75
s5-0089-0028	236	0	65
s5-0089-0029	32	0	11
s5-0089-0030	34	0	52
s5-0089-0031	236	0	10
s5-0090-0000	78	0	1651
s5-0090-0001	60	0	580
s5-0090-0002	351	0	636
s5-0090-0003	59	0	542
s5-0090-0004	47	0	521
s5-0090-0005	42	0	174
s5-0090-0006	125	0	113
s5-0090-0007	85	0	161
s5-0090-0008	300	0	729
s5-0090-0009	40	0	158
s5-0090-0010	360	0	3083
s5-0090-0011	299	0	571
s5-0090-0012	54	0	1114
s5-0090-0013	305	0	355
s5-0090-0014	294	0	103
s5-0090-0015	42	0	64
s5-0090-0016	46	0	461
s5-0090-0017	287	0	170
s5-0090-0018	41	0	112
s5-0090-0019	285	0	145
s5-0090-0020	333	0	1379
s5-0090-0021	319	0	420
s5-0090-0022	296	0	149
s5-0090-0023	301	0	244
s5-0090-0024	308	0	142
s5-0090-0025	309	0	33
s5-0090-0026	324	0	457
s5-0090-0027	310	0	92
s5-0090-0028	359	0	89
s5-0090-0029	356	0	21
s5-0090-0030	367	0	97
s5-0090-0031	367	0	40
s5-0091-0000	242	0	24
s5-0091-0001	242	0	0
s5-0091-0002	230	0	1
s5-0091-0003	237	0	4
s5-0091-0004	30	0	6
s5-0091-0005	232	0	1
s5-0091-0006	234	0	6
s5-0091-0007	234	0	59
s5-0091-0008	238	0	26
s5-0091-0009	235	0	5
s5-0091-0010	239	0	1
s5-0091-0011	239	0	0
s5-0091-0012	235	0	1
s5-0091-0013	231	0	0
s5-0091-0014	32	0	4
s5-0091-0015	33	0	12
s5-0091-0016	32	0	1
s5-0091-0017	31	0	0
s5-0091-0018	29	0	0
s5-0091-0019	68	0	0
s5-0091-0020	238	0	26
s5-0091-0021	32	0	0
s5-0091-0022	32	0	0
s5-0091-0023	31	0	0
s5-0091-0024	31	0	9
s5-0091-0025	30	0	0
s5-0091-0026	231	0	10
s5-0091-0027	233	0	0
s5-0091-0028	34	0	0
s5-0091-0029	235	0	0
s5-0091-0030	236	0	0
s5-0091-0031	230	0	0
s5-0092-0000	248	0	338
s5-0092-0001	242	0	32
s5-0092-0002	34	0	63
s5-0092-0003	32	0	3
s5-0092-0004	33	0	20
s5-0092-0005	35	0	151
s5-0092-0006	30	0	23
s5-0092-0007	68	0	0
s5-0092-0008	76	0	55
s5-0092-0009	234	0	3
s5-0092-0010	33	0	29
s5-0092-0011	32	0	2
s5-0092-0012	32	0	1
s5-0092-0013	31	0	5
s5-0092-0014	31	0	6
s5-0092-0015	233	0	0
s5-0092-0016	234	0	39
s5-0092-0017	236	0	7
s5-0092-0018	32	0	9
s5-0092-0019	31	0	2
s5-0092-0020	41	0	439
s5-0092-0021	75	0	2473
s5-0092-0022	30	0	0
s5-0092-0023	70	0	0
s5-0092-0024	36	0	29
s5-0092-0025	32	0	2
s5-0092-0026	36	0	65
s5-0092-0027	48	0	25
s5-0092-0028	33	0	27
s5-0092-0029	33	0	106
s5-0092-0030	32	0	0
s5-0092-0031	30	0	0
s5-0093-0000	34	0	93
s5-0093-0001	238	0	12
s5-0093-0002	31	0	20
s5-0093-0003	241	0	29
s5-0093-0004	231	0	12
s5-0093-0005	233	0	2
s5-0093-0006	233	0	20
s5-0093-0007	230	0	105
s5-0093-0008	235	0	47
s5-0093-0009	233	0	5
s5-0093-0010	245	0	8
s5-0093-0011	237	0	12
s5-0093-0012	31	0	2
s5-0093-0013	68	0	0
s5-0093-0014	237	0	13
s5-0093-0015	239	0	11
s5-0093-0016	32	0	11
s5-0093-0017	237	0	1
s5-0093-0018	30	0	2
s5-0093-0019	230	0	10
s5-0093-0020	35	0	189
s5-0093-0021	68	0	46
s5-0093-0022	237	0	0
s5-0093-0023	30	0	0
s5-0093-0024	233	0	18
s5-0093-0025	231	0	6
s5-0093-0026	231	0	16
s5-0093-0027	233	0	31
s5-0093-0028	229	0	4
s5-0093-0029	31	0	1
s5-0093-0030	230	0	0
s5-0093-0031	31	0	0
s5-0094-0000	242	0	7
s5-0094-0001	31	0	6
s5-0094-0002	233	0	1
s5-0094-0003	31	0	3
s5-0094-0004	233	0	5
s5-0094-0005	32	0	2
s5-0094-0006	226	0	1
s5-0094-0007	232	0	0
s5-0094-0008	236	0	16
s5-0094-0009	235	0	0
s5-0094-0010	238	0	3
s5-0094-0011	239	0	1
s5-0094-0012	233	0	1
s5-0094-0013	31	0	0
s5-0094-0014	32	0	1
s5-0094-0015	29	0	2
s5-0094-0016	241	0	1
s5-0094-0017	68	0	12
s5-0094-0018	233	0	16
s5-0094-0019	231	0	0
s5-0094-0020	244	0	10
s5-0094-0021	264	0	457
s5-0094-0022	32	0	0
s5-0094-0023	31	0	0
s5-0094-0024	31	0	5
s5-0094-0025	33	0	0
s5-0094-0026	32	0	10
s5-0094-0027	30	0	0
s5-0094-0028	229	0	13
s5-0094-0029	232	0	0
s5-0094-0030	230	0	0
s5-0094-0031	235	0	0
s5-0095-0000	32	0	14
s5-0095-0001	241	0	8
s5-0095-0002	33	0	0
s5-0095-0003	236	0	0
s5-0095-0004	228	0	0
s5-0095-0005	229	0	0
s5-0095-0006	31	0	2
s5-0095-0007	231	0	0
s5-0095-0008	31	0	9
s5-0095-0009	31	0	1
s5-0095-0010	71	0	5
s5-0095-0011	32	0	1
s5-0095-0012	30	0	1
s5-0095-0013	31	0	0
s5-0095-0014	32	0	0
s5-0095-0015	30	0	0
s5-0095-0016	31	0	6
s5-0095-0017	30	0	0
s5-0095-0018	31	0	1
s5-0095-0019	36	0	0
s5-0095-0020	36	0	85
s5-0095-0021	39	0	474
s5-0095-0022	31	0	0
s5-0095-0023	30	0	0
s5-0095-0024	71	0	3
s5-0095-0025	32	0	0
s5-0095-0026	32	0	5
s5-0095-0027	236	0	1
s5-0095-0028	234	0	22
s5-0095-0029	228	0	34
s5-0095-0030	32	0	0
s5-0095-0031	236	0	0
s5-0096-0000	245	0	27
s5-0096-0001	55	0	10
s5-0096-0002	35	0	4
s5-0096-0003	237	0	0
s5-0096-0004	233	0	5
s5-0096-0005	225	0	1
s5-0096-0006	234	0	0
s5-0096-0007	30	0	0
s5-0096-0008	238	0	5
s5-0096-0009	37	0	17
s5-0096-0010	246	0	150
s5-0096-0011	238	0	0
s5-0096-0012	239	0	0
s5-0096-0013	230	0	1
s5-0096-0014	32	0	0
s5-0096-0015	229	0	0
s5-0096-0016	234	0	1
s5-0096-0017	236	0	2
s5-0096-0018	230	0	0
s5-0096-0019	31	0	0
s5-0096-0020	240	0	40
s5-0096-0021	247	0	129
s5-0096-0022	236	0	2
s5-0096-0023	30	0	8
s5-0096-0024	30	0	20
s5-0096-0025	68	0	0
s5-0096-0026	235	0	48
s5-0096-0027	235	0	0
s5-0096-0028	229	0	23
s5-0096-0029	31	0	0
s5-0096-0030	236	0	0
s5-0096-0031	32	0	0
s5-0097-0000	292	0	1602
s5-0097-0001	231	0	512
s5-0097-0002	37	0	490
s5-0097-0003	256	0	523
s5-0097-0004	250	0	486
s5-0097-0005	243	0	170
s5-0097-0006	241	0	104
s5-0097-0007	31	0	145
s5-0097-0008	40	0	711
s5-0097-0009	246	0	135
s5-0097-0010	315	0	2997
s5-0097-0011	250	0	494
s5-0097-0012	251	0	161
s5-0097-0013	33	0	30
s5-0097-0014	34	0	135
s5-0097-0015	239	0	22
s5-0097-0016	36	0	423
s5-0097-0017	32	0	153
s5-0097-0018	233	0	82
s5-0097-0019	245	0	132
s5-0097-0020	290	0	1369
s5-0097-0021	39	0	404
s5-0097-0022	248	0	140
s5-0097-0023	251	0	238
s5-0097-0024	77	0	620
s5-0097-0025	252	0	209
s5-0097-0026	39	0	458
s5-0097-0027	250	0	188
s5-0097-0028	34	0	115
s5-0097-0029	239	0	29
s5-0097-0030	234	0	1
s5-0097-0031	233	0	1
s5-0098-0000	52	0	1252
s5-0098-0001	35	0	254
s5-0098-0002	36	0	355
s5-0098-0003	34	0	72
s5-0098-0004	35	0	221
s5-0098-0005	33	0	421
s5-0098-0006	31	0	67
s5-0098-0007	30	0	16
s5-0098-0008	42	0	474
s5-0098-0009	74	0	58
s5-0098-0010	68	0	2292
s5-0098-0011	36	0	205
s5-0098-0012	32	0	62
s5-0098-0013	31	0	22
s5-0098-0014	232	0	39
s5-0098-0015	238	0	55
s5-0098-0016	47	0	310
s5-0098-0017	244	0	72
s5-0098-0018	239	0	61
s5-0098-0019	236	0	10
s5-0098-0020	277	0	894
s5-0098-0021	66	0	2910
s5-0098-0022	246	0	84
s5-0098-0023	250	0	159
s5-0098-0024	258	0	400
s5-0098-0025	42	0	108
s5-0098-0026	39	0	363
s5-0098-0027	231	0	60
s5-0098-0028	236	0	81
s5-0098-0029	232	0	60
s5-0098-0030	235	0	0
s5-0098-0031	234	0	1
s5-0099-0000	241	0	18
s5-0099-0001	238	0	4
s5-0099-0002	35	0	4
s5-0099-0003	69	0	0
s5-0099-0004	234	0	4
s5-0099-0005	231	0	1
s5-0099-0006	224	0	0
s5-0099-0007	228	0	2
s5-0099-0008	31	0	15
s5-0099-0009	230	0	0
s5-0099-0010	234	0	17
s5-0099-0011	236	0	0
s5-0099-0012	232	0	1
s5-0099-0013	30	0	0
s5-0099-0014	32	0	2
s5-0099-0015	236	0	0
s5-0099-0016	31	0	1
s5-0099-0017	31	0	4
s5-0099-0018	30	0	1
s5-0099-0019	235	0	0
s5-0099-0020	32	0	14
s5-0099-0021	252	0	36
s5-0099-0022	235	0	0
s5-0099-0023	31	0	8
s5-0099-0024	239	0	16
s5-0099-0025	233	0	0
s5-0099-0026	34	0	34
s5-0099-0027	33	0	0
s5-0099-0028	237	0	5
s5-0099-0029	32	0	0
s5-0099-0030	237	0	0
s5-0099-0031	68	0	0
s5-0100-0000	375	0	984
s5-0100-0001	58	0	182
s5-0100-0002	333	0	310
s5-0100-0003	55	0	58
s5-0100-0004	46	0	295
s5-0100-0005	293	0	76
s5-0100-0006	40	0	75
s5-0100-0007	283	0	13
s5-0100-0008	44	0	399
s5-0100-0009	290	0	53
s5-0100-0010	342	0	1741
s5-0100-0011	297	0	212
s5-0100-0012	195	0	705
s5-0100-0013	308	0	194
s5-0100-0014	298	0	60
s5-0100-0015	294	0	9
s5-0100-0016	291	0	165
s5-0100-0017	45	0	116
s5-0100-0018	43	0	54
s5-0100-0019	279	0	14
s5-0100-0020	55	0	718
s5-0100-0021	61	0	1712
s5-0100-0022	298	0	62
s5-0100-0023	85	0	79
s5-0100-0024	47	0	57
s5-0100-0025	42	0	7
s5-0100-0026	46	0	139
s5-0100-0027	47	0	28
s5-0100-0028	56	0	45
s5-0100-0029	355	0	19
s5-0100-0030	58	0	53
s5-0100-0031	366	0	4
s5-0101-0000	339	0	15
s5-0101-0001	334	0	1
s5-0101-0002	327	0	1
s5-0101-0003	47	0	0
s5-0101-0004	39	0	1
s5-0101-0005	86	0	32
s5-0101-0006	287	0	0
s5-0101-0007	283	0	0
s5-0101-0008	280	0	1
s5-0101-0009	289	0	3
s5-0101-0010	291	0	18
s5-0101-0011	291	0	0
s5-0101-0012	292	0	0
s5-0101-0013	291	0	0
s5-0101-0014	43	0	0
s5-0101-0015	291	0	0
s5-0101-0016	284	0	0
s5-0101-0017	282	0	0
s5-0101-0018	282	0	1
s5-0101-0019	285	0	0
s5-0101-0020	288	0	0
s5-0101-0021	42	0	0
s5-0101-0022	287	0	0
s5-0101-0023	294	0	0
s5-0101-0024	301	0	0
s5-0101-0025	45	0	1
s5-0101-0026	308	0	7
s5-0101-0027	44	0	0
s5-0101-0028	352	0	0
s5-0101-0029	52	0	0
s5-0101-0030	368	0	0
s5-0101-0031	56	0	4
s5-0102-0000	246	0	86
s5-0102-0001	33	0	7
s5-0102-0002	237	0	2
s5-0102-0003	234	0	5
s5-0102-0004	34	0	11
s5-0102-0005	230	0	3
s5-0102-0006	30	0	1
s5-0102-0007	230	0	4
s5-0102-0008	30	0	2
s5-0102-0009	238	0	0
s5-0102-0010	241	0	6
s5-0102-0011	70	0	1
s5-0102-0012	31	0	0
s5-0102-0013	31	0	0
s5-0102-0014	32	0	2
s5-0102-0015	31	0	0
s5-0102-0016	31	0	13
s5-0102-0017	31	0	2
s5-0102-0018	30	0	2
s5-0102-0019	31	0	1
s5-0102-0020	35	0	133
s5-0102-0021	32	0	14
s5-0102-0022	33	0	3
s5-0102-0023	31	0	27
s5-0102-0024	227	0	22
s5-0102-0025	235	0	9
s5-0102-0026	229	0	0
s5-0102-0027	230	0	0
s5-0102-0028	230	0	18
s5-0102-0029	231	0	9
s5-0102-0030	234	0	0
s5-0102-0031	232	0	0
s5-0103-0000	237	0	3
s5-0103-0001	237	0	0
s5-0103-0002	239	0	0
s5-0103-0003	233	0	0
s5-0103-0004	232	0	0
s5-0103-0005	230	0	0
s5-0103-0006	228	0	0
s5-0103-0007	226	0	0
s5-0103-0008	231	0	0
s5-0103-0009	235	0	0
s5-0103-0010	243	0	0
s5-0103-0011	237	0	0
s5-0103-0012	236	0	0
s5-0103-0013	233	0	0
s5-0103-0014	232	0	0
s5-0103-0015	235	0	0
s5-0103-0016	232	0	0
s5-0103-0017	233	0	0
s5-0103-0018	232	0	0
s5-0103-0019	231	0	0
s5-0103-0020	240	0	5
s5-0103-0021	240	0	1
s5-0103-0022	237	0	0
s5-0103-0023	234	0	0
s5-0103-0024	231	0	1
s5-0103-0025	233	0	3
s5-0103-0026	232	0	0
s5-0103-0027	235	0	0
s5-0103-0028	233	0	0
s5-0103-0029	232	0	1
s5-0103-0030	234	0	0
s5-0103-0031	234	0	0
s5-0104-0000	345	0	17
s5-0104-0001	337	0	1
s5-0104-0002	331	0	5
s5-0104-0003	329	0	0
s5-0104-0004	283	0	3
s5-0104-0005	39	0	56
s5-0104-0006	42	0	0
s5-0104-0007	41	0	0
s5-0104-0008	40	0	4
s5-0104-0009	82	0	4
s5-0104-0010	41	0	14
s5-0104-0011	41	0	0
s5-0104-0012	41	0	72
s5-0104-0013	40	0	0
s5-0104-0014	42	0	5
s5-0104-0015	41	0	0
s5-0104-0016	38	0	4
s5-0104-0017	40	0	0
s5-0104-0018	38	0	3
s5-0104-0019	39	0	0
s5-0104-0020	41	0	0
s5-0104-0021	42	0	0
s5-0104-0022	85	0	0
s5-0104-0023	41	0	0
s5-0104-0024	44	0	0
s5-0104-0025	42	0	1
s5-0104-0026	43	0	15
s5-0104-0027	42	0	0
s5-0104-0028	55	0	0
s5-0104-0029	55	0	0
s5-0104-0030	55	0	0
s5-0104-0031	54	0	2
s5-0105-0000	32	0	2
s5-0105-0001	31	0	0
s5-0105-0002	69	0	0
s5-0105-0003	31	0	0
s5-0105-0004	32	0	0
s5-0105-0005	30	0	0
s5-0105-0006	29	0	0
s5-0105-0007	30	0	0
s5-0105-0008	32	0	0
s5-0105-0009	32	0	0
s5-0105-0010	30	0	0
s5-0105-0011	31	0	0
s5-0105-0012	30	0	0
s5-0105-0013	30	0	0
s5-0105-0014	231	0	0
s5-0105-0015	222	0	0
s5-0105-0016	227	0	0
s5-0105-0017	233	0	0
s5-0105-0018	235	0	0
s5-0105-0019	229	0	0
s5-0105-0020	233	0	0
s5-0105-0021	240	0	0
s5-0105-0022	236	0	0
s5-0105-0023	238	0	0
s5-0105-0024	232	0	0
s5-0105-0025	235	0	0
s5-0105-0026	232	0	0
s5-0105-0027	235	0	0
s5-0105-0028	233	0	0
s5-0105-0029	235	0	0
s5-0105-0030	231	0	0
s5-0105-0031	236	0	0
s5-0106-0000	241	0	10
s5-0106-0001	70	0	0
s5-0106-0002	234	0	1
s5-0106-0003	236	0	0
s5-0106-0004	231	0	1
s5-0106-0005	231	0	0
s5-0106-0006	233	0	1
s5-0106-0007	230	0	0
s5-0106-0008	233	0	3
s5-0106-0009	235	0	0
s5-0106-0010	238	0	0
s5-0106-0011	237	0	0
s5-0106-0012	234	0	0
s5-0106-0013	232	0	0
s5-0106-0014	236	0	0
s5-0106-0015	237	0	0
s5-0106-0016	231	0	0
s5-0106-0017	236	0	0
s5-0106-0018	228	0	10
s5-0106-0019	31	0	0
s5-0106-0020	241	0	8
s5-0106-0021	236	0	0
s5-0106-0022	236	0	3
s5-0106-0023	30	0	0
s5-0106-0024	31	0	0
s5-0106-0025	236	0	2
s5-0106-0026	29	0	0
s5-0106-0027	30	0	0
s5-0106-0028	30	0	4
s5-0106-0029	31	0	0
s5-0106-0030	30	0	0
s5-0106-0031	31	0	0
s5-0107-0000	40	0	100
s5-0107-0001	34	0	11
s5-0107-0002	34	0	3
s5-0107-0003	239	0	0
s5-0107-0004	40	0	12
s5-0107-0005	37	0	3
s5-0107-0006	68	0	2
s5-0107-0007	34	0	1
s5-0107-0008	30	0	1
s5-0107-0009	34	0	12
s5-0107-0010	32	0	2
s5-0107-0011	236	0	2
s5-0107-0012	236	0	0
s5-0107-0013	233	0	3
s5-0107-0014	32	0	0
s5-0107-0015	32	0	0
s5-0107-0016	30	0	17
s5-0107-0017	235	0	4
s5-0107-0018	30	0	3
s5-0107-0019	31	0	0
s5-0107-0020	35	0	163
s5-0107-0021	70	0	22
s5-0107-0022	32	0	28
s5-0107-0023	32	0	2
s5-0107-0024	32	0	51
s5-0107-0025	31	0	96
s5-0107-0026	31	0	0
s5-0107-0027	30	0	0
s5-0107-0028	32	0	14
s5-0107-0029	31	0	6
s5-0107-0030	32	0	0
s5-0107-0031	30	0	0
s5-0108-0000	35	0	16
s5-0108-0001	32	0	4
s5-0108-0002	32	0	7
s5-0108-0003	32	0	3
s5-0108-0004	32	0	3
s5-0108-0005	31	0	1
s5-0108-0006	69	0	4
s5-0108-0007	32	0	1
s5-0108-0008	32	0	4
s5-0108-0009	233	0	3
s5-0108-0010	250	0	2
s5-0108-0011	241	0	0
s5-0108-0012	231	0	1
s5-0108-0013	30	0	1
s5-0108-0014	232	0	0
s5-0108-0015	31	0	0
s5-0108-0016	234	0	5
s5-0108-0017	236	0	0
s5-0108-0018	232	0	0
s5-0108-0019	233	0	1
s5-0108-0020	35	0	0
s5-0108-0021	256	0	1
s5-0108-0022	245	0	1
s5-0108-0023	245	0	0
s5-0108-0024	234	0	0
s5-0108-0025	236	0	0
s5-0108-0026	235	0	0
s5-0108-0027	232	0	0
s5-0108-0028	239	0	1
s5-0108-0029	241	0	0
s5-0108-0030	240	0	0
s5-0108-0031	237	0	0
s5-0109-0000	33	0	2
s5-0109-0001	247	0	0
s5-0109-0002	240	0	0
s5-0109-0003	229	0	0
s5-0109-0004	229	0	1
s5-0109-0005	235	0	0
s5-0109-0006	235	0	1
s5-0109-0007	234	0	1
s5-0109-0008	240	0	0
s5-0109-0009	245	0	0
s5-0109-0010	247	0	1
s5-0109-0011	245	0	1
s5-0109-0012	234	0	0
s5-0109-0013	236	0	0
s5-0109-0014	236	0	0
s5-0109-0015	237	0	0
s5-0109-0016	237	0	0
s5-0109-0017	31	0	0
s5-0109-0018	234	0	0
s5-0109-0019	237	0	0
s5-0109-0020	33	0	2
s5-0109-0021	251	0	0
s5-0109-0022	247	0	0
s5-0109-0023	32	0	0
s5-0109-0024	33	0	7
s5-0109-0025	31	0	0
s5-0109-0026	31	0	1
s5-0109-0027	69	0	0
s5-0109-0028	32	0	0
s5-0109-0029	31	0	0
s5-0109-0030	237	0	0
s5-0109-0031	31	0	0
s5-0110-0000	34	0	1
s5-0110-0001	33	0	0
s5-0110-0002	31	0	0
s5-0110-0003	36	0	0
s5-0110-0004	33	0	0
s5-0110-0005	33	0	0
s5-0110-0006	31	0	0
s5-0110-0007	30	0	0
s5-0110-0008	240	0	0
s5-0110-0009	242	0	0
s5-0110-0010	37	0	0
s5-0110-0011	242	0	0
s5-0110-0012	30	0	0
s5-0110-0013	71	0	0
s5-0110-0014	31	0	0
s5-0110-0015	233	0	0
s5-0110-0016	30	0	0
s5-0110-0017	31	0	0
s5-0110-0018	31	0	0
s5-0110-0019	31	0	0
s5-0110-0020	32	0	0
s5-0110-0021	33	0	0
s5-0110-0022	32	0	0
s5-0110-0023	33	0	0
s5-0110-0024	32	0	0
s5-0110-0025	31	0	0
s5-0110-0026	30	0	0
s5-0110-0027	32	0	0
s5-0110-0028	69	0	0
s5-0110-0029	31	0	0
s5-0110-0030	31	0	0
s5-0110-0031	33	0	0
s5-0111-0000	34	0	0
s5-0111-0001	31	0	0
s5-0111-0002	32	0	0
s5-0111-0003	29	0	0
s5-0111-0004	28	0	0
s5-0111-0005	217	0	0
s5-0111-0006	30	0	0
s5-0111-0007	222	0	0
s5-0111-0008	235	0	0
s5-0111-0009	30	0	0
s5-0111-0010	236	0	0
s5-0111-0011	235	0	0
s5-0111-0012	232	0	0
s5-0111-0013	31	0	0
s5-0111-0014	229	0	0
s5-0111-0015	231	0	0
s5-0111-0016	230	0	0
s5-0111-0017	229	0	0
s5-0111-0018	230	0	0
s5-0111-0019	233	0	0
s5-0111-0020	239	0	0
s5-0111-0021	241	0	0
s5-0111-0022	32	0	0
s5-0111-0023	235	0	0
s5-0111-0024	235	0	0
s5-0111-0025	232	0	0
s5-0111-0026	238	0	0
s5-0111-0027	235	0	0
s5-0111-0028	235	0	0
s5-0111-0029	235	0	0
s5-0111-0030	228	0	0
s5-0111-0031	234	0	0
s5-0112-0000	254	0	118
s5-0112-0001	243	0	12
s5-0112-0002	242	0	14
s5-0112-0003	238	0	7
s5-0112-0004	238	0	14
s5-0112-0005	237	0	15
s5-0112-0006	35	0	73
s5-0112-0007	234	0	6
s5-0112-0008	247	0	44
s5-0112-0009	244	0	6
s5-0112-0010	251	0	49
s5-0112-0011	72	0	4
s5-0112-0012	31	0	40
s5-0112-0013	233	0	9
s5-0112-0014	232	0	0
s5-0112-0015	233	0	0
s5-0112-0016	34	0	27
s5-0112-0017	238	0	7
s5-0112-0018	230	0	4
s5-0112-0019	30	0	0
s5-0112-0020	34	0	15
s5-0112-0021	259	0	0
s5-0112-0022	254	0	52
s5-0112-0023	32	0	0
s5-0112-0024	30	0	38
s5-0112-0025	30	0	10
s5-0112-0026	37	0	23
s5-0112-0027	31	0	2
s5-0112-0028	234	0	4
s5-0112-0029	37	0	4
s5-0112-0030	32	0	0
s5-0112-0031	31	0	0
s5-0113-0000	53	0	15
s5-0113-0001	89	0	4
s5-0113-0002	46	0	4
s5-0113-0003	49	0	10
s5-0113-0004	40	0	4
s5-0113-0005	40	0	0
s5-0113-0006	285	0	0
s5-0113-0007	39	0	0
s5-0113-0008	286	0	11
s5-0113-0009	288	0	0
s5-0113-0010	293	0	1
s5-0113-0011	39	0	2
s5-0113-0012	40	0	1
s5-0113-0013	43	0	0
s5-0113-0014	42	0	0
s5-0113-0015	42	0	0
s5-0113-0016	39	0	1
s5-0113-0017	38	0	1
s5-0113-0018	83	0	1
s5-0113-0019	38	0	2
s5-0113-0020	45	0	78
s5-0113-0021	43	0	20
s5-0113-0022	41	0	0
s5-0113-0023	41	0	0
s5-0113-0024	297	0	0
s5-0113-0025	42	0	0
s5-0113-0026	42	0	1
s5-0113-0027	300	0	1
s5-0113-0028	54	0	3
s5-0113-0029	54	0	1
s5-0113-0030	55	0	0
s5-0113-0031	55	0	0
s5-0114-0000	331	0	1
s5-0114-0001	324	0	0
s5-0114-0002	324	0	0
s5-0114-0003	324	0	0
s5-0114-0004	281	0	0
s5-0114-0005	285	0	0
s5-0114-0006	281	0	0
s5-0114-0007	286	0	0
s5-0114-0008	285	0	0
s5-0114-0009	282	0	0
s5-0114-0010	283	0	0
s5-0114-0011	283	0	0
s5-0114-0012	292	0	0
s5-0114-0013	292	0	0
s5-0114-0014	295	0	0
s5-0114-0015	297	0	0
s5-0114-0016	286	0	0
s5-0114-0017	286	0	0
s5-0114-0018	284	0	0
s5-0114-0019	283	0	0
s5-0114-0020	298	0	2
s5-0114-0021	298	0	0
s5-0114-0022	290	0	0
s5-0114-0023	290	0	0
s5-0114-0024	308	0	0
s5-0114-0025	305	0	0
s5-0114-0026	42	0	0
s5-0114-0027	306	0	0
s5-0114-0028	357	0	0
s5-0114-0029	354	0	0
s5-0114-0030	359	0	0
s5-0114-0031	363	0	0
s5-0115-0000	334	0	0
s5-0115-0001	88	0	0
s5-0115-0002	46	0	0
s5-0115-0003	329	0	0
s5-0115-0004	283	0	0
s5-0115-0005	281	0	0
s5-0115-0006	285	0	0
s5-0115-0007	39	0	0
s5-0115-0008	40	0	1
s5-0115-0009	41	0	0
s5-0115-0010	41	0	0
s5-0115-0011	289	0	0
s5-0115-0012	298	0	0
s5-0115-0013	39	0	0
s5-0115-0014	295	0	0
s5-0115-0015	40	0	0
s5-0115-0016	39	0	0
s5-0115-0017	40	0	0
s5-0115-0018	40	0	0
s5-0115-0019	40	0	0
s5-0115-0020	40	0	0
s5-0115-0021	84	0	0
s5-0115-0022	40	0	0
s5-0115-0023	40	0	0
s5-0115-0024	44	0	0
s5-0115-0025	44	0	0
s5-0115-0026	44	0	0
s5-0115-0027	41	0	0
s5-0115-0028	51	0	0
s5-0115-0029	359	0	0
s5-0115-0030	362	0	0
s5-0115-0031	54	0	0
s5-0116-0000	335	0	0
s5-0116-0001	49	0	0
s5-0116-0002	49	0	0
s5-0116-0003	49	0	0
s5-0116-0004	283	0	0
s5-0116-0005	39	0	0
s5-0116-0006	83	0	0
s5-0116-0007	38	0	0
s5-0116-0008	39	0	0
s5-0116-0009	38	0	0
s5-0116-0010	41	0	0
s5-0116-0011	41	0	0
s5-0116-0012	41	0	0
s5-0116-0013	39	0	0
s5-0116-0014	40	0	0
s5-0116-0015	40	0	0
s5-0116-0016	39	0	0
s5-0116-0017	40	0	0
s5-0116-0018	40	0	0
s5-0116-0019	273	0	0
s5-0116-0020	84	0	0
s5-0116-0021	295	0	0
s5-0116-0022	40	0	0
s5-0116-0023	288	0	0
s5-0116-0024	307	0	0
s5-0116-0025	301	0	0
s5-0116-0026	307	0	0
s5-0116-0027	301	0	0
s5-0116-0028	355	0	0
s5-0116-0029	358	0	0
s5-0116-0030	365	0	0
s5-0116-0031	358	0	0
s5-0117-0000	336	0	10
s5-0117-0001	332	0	2
s5-0117-0002	325	0	3
s5-0117-0003	47	0	8
s5-0117-0004	38	0	3
s5-0117-0005	287	0	0
s5-0117-0006	286	0	0
s5-0117-0007	40	0	0
s5-0117-0008	286	0	9
s5-0117-0009	41	0	0
s5-0117-0010	295	0	2
s5-0117-0011	42	0	2
s5-0117-0012	295	0	0
s5-0117-0013	293	0	0
s5-0117-0014	295	0	0
s5-0117-0015	296	0	0
s5-0117-0016	280	0	1
s5-0117-0017	287	0	1
s5-0117-0018	286	0	2
s5-0117-0019	38	0	3
s5-0117-0020	301	0	46
s5-0117-0021	298	0	12
s5-0117-0022	288	0	0
s5-0117-0023	287	0	0
s5-0117-0024	307	0	0
s5-0117-0025	308	0	0
s5-0117-0026	306	0	1
s5-0117-0027	43	0	1
s5-0117-0028	55	0	1
s5-0117-0029	55	0	0
s5-0117-0030	53	0	0
s5-0117-0031	362	0	0
s5-0118-0000	34	0	2
s5-0118-0001	244	0	1
s5-0118-0002	238	0	0
s5-0118-0003	239	0	0
s5-0118-0004	30	0	0
s5-0118-0005	234	0	1
s5-0118-0006	67	0	0
s5-0118-0007	225	0	0
s5-0118-0008	238	0	0
s5-0118-0009	32	0	0
s5-0118-0010	246	0	24
s5-0118-0011	33	0	0
s5-0118-0012	234	0	0
s5-0118-0013	31	0	0
s5-0118-0014	31	0	0
s5-0118-0015	30	0	0
s5-0118-0016	31	0	2
s5-0118-0017	31	0	0
s5-0118-0018	31	0	0
s5-0118-0019	30	0	0
s5-0118-0020	72	0	0
s5-0118-0021	34	0	0
s5-0118-0022	32	0	0
s5-0118-0023	32	0	0
s5-0118-0024	31	0	3
s5-0118-0025	30	0	0
s5-0118-0026	31	0	0
s5-0118-0027	30	0	0
s5-0118-0028	235	0	1
s5-0118-0029	32	0	0
s5-0118-0030	32	0	0
s5-0118-0031	31	0	0
s5-0119-0000	33	0	0
s5-0119-0001	33	0	0
s5-0119-0002	31	0	1
s5-0119-0003	33	0	0
s5-0119-0004	32	0	1
s5-0119-0005	69	0	0
s5-0119-0006	30	0	0
s5-0119-0007	236	0	0
s5-0119-0008	31	0	0
s5-0119-0009	32	0	0
s5-0119-0010	243	0	0
s5-0119-0011	32	0	0
s5-0119-0012	235	0	0
s5-0119-0013	31	0	0
s5-0119-0014	32	0	0
s5-0119-0015	30	0	0
s5-0119-0016	30	0	0
s5-0119-0017	32	0	0
s5-0119-0018	222	0	0
s5-0119-0019	30	0	0
s5-0119-0020	33	0	0
s5-0119-0021	34	0	0
s5-0119-0022	31	0	0
s5-0119-0023	73	0	0
s5-0119-0024	32	0	0
s5-0119-0025	232	0	0
s5-0119-0026	235	0	0
s5-0119-0027	31	0	0
s5-0119-0028	30	0	0
s5-0119-0029	233	0	0
s5-0119-0030	237	0	0
s5-0119-0031	235	0	0
s5-0120-0000	333	0	0
s5-0120-0001	49	0	0
s5-0120-0002	325	0	0
s5-0120-0003	329	0	0
s5-0120-0004	285	0	0
s5-0120-0005	40	0	0
s5-0120-0006	280	0	0
s5-0120-0007	287	0	0
s5-0120-0008	288	0	0
s5-0120-0009	39	0	0
s5-0120-0010	288	0	0
s5-0120-0011	290	0	0
s5-0120-0012	297	0	0
s5-0120-0013	292	0	0
s5-0120-0014	40	0	0
s5-0120-0015	293	0	0
s5-0120-0016	286	0	0
s5-0120-0017	279	0	0
s5-0120-0018	277	0	0
s5-0120-0019	285	0	0
s5-0120-0020	294	0	0
s5-0120-0021	42	0	0
s5-0120-0022	288	0	0
s5-0120-0023	288	0	0
s5-0120-0024	43	0	0
s5-0120-0025	296	0	0
s5-0120-0026	299	0	0
s5-0120-0027	307	0	0
s5-0120-0028	360	0	0
s5-0120-0029	354	0	0
s5-0120-0030	55	0	0
s5-0120-0031	362	0	0
s5-0121-0000	248	0	13
s5-0121-0001	243	0	3
s5-0121-0002	235	0	1
s5-0121-0003	234	0	0
s5-0121-0004	236	0	2
s5-0121-0005	31	0	0
s5-0121-0006	31	0	0
s5-0121-0007	69	0	0
s5-0121-0008	31	0	1
s5-0121-0009	237	0	0
s5-0121-0010	247	0	26
s5-0121-0011	32	0	1
s5-0121-0012	236	0	0
s5-0121-0013	234	0	0
s5-0121-0014	29	0	2
s5-0121-0015	30	0	0
s5-0121-0016	32	0	1
s5-0121-0017	31	0	0
s5-0121-0018	32	0	0
s5-0121-0019	30	0	1
s5-0121-0020	34	0	0
s5-0121-0021	33	0	1
s5-0121-0022	243	0	0
s5-0121-0023	33	0	0
s5-0121-0024	30	0	2
s5-0121-0025	69	0	4
s5-0121-0026	235	0	0
s5-0121-0027	29	0	0
s5-0121-0028	32	0	1
s5-0121-0029	32	0	0
s5-0121-0030	30	0	0
s5-0121-0031	30	0	0
s5-0122-0000	36	0	28
s5-0122-0001	243	0	6
s5-0122-0002	30	0	3
s5-0122-0003	32	0	0
s5-0122-0004	32	0	7
s5-0122-0005	235	0	2
s5-0122-0006	30	0	0
s5-0122-0007	234	0	0
s5-0122-0008	31	0	7
s5-0122-0009	33	0	2
s5-0122-0010	47	0	726
s5-0122-0011	234	0	39
s5-0122-0012	68	0	2
s5-0122-0013	32	0	0
s5-0122-0014	31	0	4
s5-0122-0015	30	0	0
s5-0122-0016	31	0	1
s5-0122-0017	32	0	0
s5-0122-0018	232	0	3
s5-0122-0019	234	0	0
s5-0122-0020	34	0	3
s5-0122-0021	33	0	0
s5-0122-0022	239	0	1
s5-0122-0023	32	0	0
s5-0122-0024	30	0	13
s5-0122-0025	234	0	0
s5-0122-0026	235	0	0
s5-0122-0027	31	0	0
s5-0122-0028	32	0	5
s5-0122-0029	70	0	0
s5-0122-0030	32	0	0
s5-0122-0031	32	0	0
s5-0123-0000	35	0	6
s5-0123-0001	33	0	1
s5-0123-0002	32	0	0
s5-0123-0003	33	0	0
s5-0123-0004	239	0	0
s5-0123-0005	239	0	0
s5-0123-0006	230	0	1
s5-0123-0007	232	0	0
s5-0123-0008	244	0	2
s5-0123-0009	246	0	1
s5-0123-0010	34	0	0
s5-0123-0011	255	0	0
s5-0123-0012	32	0	0
s5-0123-0013	236	0	0
s5-0123-0014	232	0	0
s5-0123-0015	232	0	0
s5-0123-0016	31	0	1
s5-0123-0017	233	0	1
s5-0123-0018	236	0	0
s5-0123-0019	234	0	0
s5-0123-0020	33	0	1
s5-0123-0021	264	0	0
s5-0123-0022	246	0	1
s5-0123-0023	247	0	0
s5-0123-0024	31	0	0
s5-0123-0025	238	0	0
s5-0123-0026	237	0	0
s5-0123-0027	238	0	0
s5-0123-0028	233	0	0
s5-0123-0029	239	0	0
s5-0123-0030	240	0	0
s5-0123-0031	237	0	0
s5-0124-0000	246	0	0
s5-0124-0001	34	0	1
s5-0124-0002	232	0	0
s5-0124-0003	32	0	0
s5-0124-0004	68	0	0
s5-0124-0005	32	0	2
s5-0124-0006	233	0	0
s5-0124-0007	233	0	0
s5-0124-0008	31	0	2
s5-0124-0009	30	0	0
s5-0124-0010	32	0	11
s5-0124-0011	246	0	1
s5-0124-0012	236	0	0
s5-0124-0013	232	0	0
s5-0124-0014	233	0	0
s5-0124-0015	32	0	0
s5-0124-0016	236	0	0
s5-0124-0017	32	0	0
s5-0124-0018	31	0	0
s5-0124-0019	29	0	0
s5-0124-0020	249	0	0
s5-0124-0021	32	0	0
s5-0124-0022	32	0	0
s5-0124-0023	33	0	0
s5-0124-0024	29	0	3
s5-0124-0025	31	0	0
s5-0124-0026	31	0	0
s5-0124-0027	229	0	0
s5-0124-0028	70	0	0
s5-0124-0029	30	0	0
s5-0124-0030	31	0	0
s5-0124-0031	236	0	0
s5-0125-0000	248	0	7
s5-0125-0001	244	0	1
s5-0125-0002	236	0	3
s5-0125-0003	239	0	0
s5-0125-0004	32	0	0
s5-0125-0005	29	0	1
s5-0125-0006	31	0	0
s5-0125-0007	31	0	0
s5-0125-0008	236	0	1
s5-0125-0009	31	0	10
s5-0125-0010	33	0	4
s5-0125-0011	33	0	2
s5-0125-0012	30	0	1
s5-0125-0013	31	0	0
s5-0125-0014	230	0	1
s5-0125-0015	32	0	0
s5-0125-0016	31	0	3
s5-0125-0017	233	0	4
s5-0125-0018	30	0	0
s5-0125-0019	69	0	0
s5-0125-0020	254	0	0
s5-0125-0021	244	0	1
s5-0125-0022	245	0	0
s5-0125-0023	33	0	0
s5-0125-0024	30	0	21
s5-0125-0025	31	0	0
s5-0125-0026	32	0	5
s5-0125-0027	29	0	0
s5-0125-0028	31	0	7
s5-0125-0029	30	0	0
s5-0125-0030	32	0	1
s5-0125-0031	235	0	0
s5-0126-0000	54	0	1728
s5-0126-0001	39	0	598
s5-0126-0002	41	0	725
s5-0126-0003	252	0	650
s5-0126-0004	253	0	601
s5-0126-0005	242	0	190
s5-0126-0006	34	0	180
s5-0126-0007	244	0	242
s5-0126-0008	262	0	801
s5-0126-0009	74	0	188
s5-0126-0010	269	0	316
s5-0126-0011	265	0	329
s5-0126-0012	267	0	987
s5-0126-0013	254	0	475
s5-0126-0014	244	0	404
s5-0126-0015	257	0	521
s5-0126-0016	37	0	598
s5-0126-0017	244	0	207
s5-0126-0018	251	0	521
s5-0126-0019	253	0	454
s5-0126-0020	262	0	223
s5-0126-0021	37	0	63
s5-0126-0022	249	0	104
s5-0126-0023	248	0	135
s5-0126-0024	255	0	623
s5-0126-0025	245	0	205
s5-0126-0026	248	0	499
s5-0126-0027	246	0	507
s5-0126-0028	267	0	908
s5-0126-0029	35	0	325
s5-0126-0030	35	0	346
s5-0126-0031	38	0	502
s5-0127-0000	248	0	4
s5-0127-0001	243	0	3
s5-0127-0002	236	0	4
s5-0127-0003	239	0	0
s5-0127-0004	31	0	2
s5-0127-0005	230	0	2
s5-0127-0006	31	0	1
s5-0127-0007	231	0	0
s5-0127-0008	243	0	11
s5-0127-0009	240	0	0
s5-0127-0010	35	0	9
s5-0127-0011	31	0	0
s5-0127-0012	232	0	0
s5-0127-0013	30	0	0
s5-0127-0014	32	0	1
s5-0127-0015	32	0	0
s5-0127-0016	69	0	6
s5-0127-0017	30	0	0
s5-0127-0018	238	0	0
s5-0127-0019	32	0	0
s5-0127-0020	32	0	0
s5-0127-0021	34	0	0
s5-0127-0022	244	0	0
s5-0127-0023	33	0	0
s5-0127-0024	32	0	16
s5-0127-0025	29	0	0
s5-0127-0026	237	0	1
s5-0127-0027	234	0	0
s5-0127-0028	239	0	1
s5-0127-0029	32	0	0
s5-0127-0030	241	0	2
s5-0127-0031	239	0	0
s5-0128-0000	31	0	1
s5-0128-0001	31	0	0
s5-0128-0002	31	0	0
s5-0128-0003	222	0	0
s5-0128-0004	29	0	2
s5-0128-0005	32	0	0
s5-0128-0006	67	0	1
s5-0128-0007	31	0	0
s5-0128-0008	31	0	0
s5-0128-0009	232	0	0
s5-0128-0010	32	0	0
s5-0128-0011	239	0	0
s5-0128-0012	31	0	0
s5-0128-0013	30	0	0
s5-0128-0014	32	0	0
s5-0128-0015	31	0	0
s5-0128-0016	30	0	2
s5-0128-0017	226	0	0
s5-0128-0018	233	0	0
s5-0128-0019	31	0	0
s5-0128-0020	32	0	27
s5-0128-0021	247	0	2
s5-0128-0022	31	0	0
s5-0128-0023	32	0	0
s5-0128-0024	69	0	0
s5-0128-0025	31	0	0
s5-0128-0026	31	0	0
s5-0128-0027	232	0	1
s5-0128-0028	30	0	0
s5-0128-0029	30	0	0
s5-0128-0030	32	0	0
s5-0128-0031	32	0	0
s5-0129-0000	283	0	1247
s5-0129-0001	256	0	291
s5-0129-0002	37	0	492
s5-0129-0003	239	0	98
s5-0129-0004	246	0	271
s5-0129-0005	37	0	601
s5-0129-0006	244	0	128
s5-0129-0007	30	0	45
s5-0129-0008	257	0	584
s5-0129-0009	34	0	91
s5-0129-0010	264	0	225
s5-0129-0011	34	0	36
s5-0129-0012	41	0	588
s5-0129-0013	239	0	192
s5-0129-0014	238	0	164
s5-0129-0015	238	0	21
s5-0129-0016	252	0	406
s5-0129-0017	238	0	95
s5-0129-0018	243	0	214
s5-0129-0019	239	0	52
s5-0129-0020	251	0	114
s5-0129-0021	263	0	180
s5-0129-0022	244	0	77
s5-0129-0023	247	0	51
s5-0129-0024	250	0	416
s5-0129-0025	238	0	116
s5-0129-0026	238	0	225
s5-0129-0027	238	0	99
s5-0129-0028	253	0	540
s5-0129-0029	251	0	310
s5-0129-0030	243	0	144
s5-0129-0031	235	0	58
s5-0130-0000	89	0	5
s5-0130-0001	333	0	1
s5-0130-0002	49	0	0
s5-0130-0003	48	0	1
s5-0130-0004	39	0	2
s5-0130-0005	283	0	0
s5-0130-0006	39	0	0
s5-0130-0007	282	0	0
s5-0130-0008	288	0	3
s5-0130-0009	282	0	0
s5-0130-0010	42	0	0
s5-0130-0011	41	0	0
s5-0130-0012	40	0	10
s5-0130-0013	295	0	0
s5-0130-0014	40	0	0
s5-0130-0015	42	0	0
s5-0130-0016	40	0	0
s5-0130-0017	40	0	0
s5-0130-0018	286	0	1
s5-0130-0019	277	0	0
s5-0130-0020	44	0	3
s5-0130-0021	305	0	0
s5-0130-0022	292	0	0
s5-0130-0023	283	0	0
s5-0130-0024	308	0	0
s5-0130-0025	307	0	0
s5-0130-0026	42	0	0
s5-0130-0027	87	0	0
s5-0130-0028	53	0	0
s5-0130-0029	55	0	0
s5-0130-0030	53	0	0
s5-0130-0031	55	0	0
s5-0131-0000	54	0	1534
s5-0131-0001	256	0	341
s5-0131-0002	255	0	595
s5-0131-0003	34	0	141
s5-0131-0004	252	0	591
s5-0131-0005	34	0	151
s5-0131-0006	259	0	800
s5-0131-0007	35	0	259
s5-0131-0008	54	0	1045
s5-0131-0009	37	0	146
s5-0131-0010	45	0	369
s5-0131-0011	258	0	66
s5-0131-0012	53	0	836
s5-0131-0013	75	0	222
s5-0131-0014	51	0	831
s5-0131-0015	241	0	216
s5-0131-0016	40	0	401
s5-0131-0017	39	0	372
s5-0131-0018	34	0	117
s5-0131-0019	238	0	48
s5-0131-0020	38	0	176
s5-0131-0021	267	0	124
s5-0131-0022	40	0	256
s5-0131-0023	254	0	257
s5-0131-0024	252	0	629
s5-0131-0025	33	0	146
s5-0131-0026	246	0	240
s5-0131-0027	32	0	48
s5-0131-0028	254	0	608
s5-0131-0029	247	0	268
s5-0131-0030	257	0	822
s5-0131-0031	241	0	53
s5-0132-0000	73	0	2269
s5-0132-0001	277	0	791
s5-0132-0002	278	0	1193
s5-0132-0003	280	0	1264
s5-0132-0004	272	0	1136
s5-0132-0005	249	0	350
s5-0132-0006	264	0	1203
s5-0132-0007	44	0	1023
s5-0132-0008	284	0	1366
s5-0132-0009	251	0	301
s5-0132-0010	292	0	474
s5-0132-0011	272	0	560
s5-0132-0012	271	0	1238
s5-0132-0013	249	0	403
s5-0132-0014	272	0	1402
s5-0132-0015	266	0	1173
s5-0132-0016	46	0	939
s5-0132-0017	255	0	349
s5-0132-0018	76	0	288
s5-0132-0019	251	0	484
s5-0132-0020	281	0	437
s5-0132-0021	42	0	143
s5-0132-0022	43	0	502
s5-0132-0023	41	0	383
s5-0132-0024	50	0	1131
s5-0132-0025	253	0	472
s5-0132-0026	39	0	591
s5-0132-0027	262	0	793
s5-0132-0028	44	0	1096
s5-0132-0029	254	0	450
s5-0132-0030	43	0	1043
s5-0132-0031	44	0	872
s5-0133-0000	261	0	21
s5-0133-0001	34	0	1
s5-0133-0002	71	0	1
s5-0133-0003	31	0	0
s5-0133-0004	239	0	2
s5-0133-0005	36	0	39
s5-0133-0006	30	0	0
s5-0133-0007	30	0	0
s5-0133-0008	34	0	1
s5-0133-0009	32	0	1
s5-0133-0010	261	0	1
s5-0133-0011	250	0	0
s5-0133-0012	229	0	1
s5-0133-0013	230	0	0
s5-0133-0014	30	0	0
s5-0133-0015	32	0	0
s5-0133-0016	237	0	3
s5-0133-0017	238	0	0
s5-0133-0018	30	0	2
s5-0133-0019	29	0	0
s5-0133-0020	35	0	0
s5-0133-0021	37	0	13
s5-0133-0022	248	0	0
s5-0133-0023	247	0	0
s5-0133-0024	229	0	1
s5-0133-0025	235	0	0
s5-0133-0026	238	0	0
s5-0133-0027	31	0	0
s5-0133-0028	70	0	0
s5-0133-0029	32	0	0
s5-0133-0030	32	0	0
s5-0133-0031	31	0	0
s5-0134-0000	237	0	0
s5-0134-0001	239	0	0
s5-0134-0002	31	0	0
s5-0134-0003	32	0	0
s5-0134-0004	230	0	0
s5-0134-0005	30	0	1
s5-0134-0006	231	0	0
s5-0134-0007	233	0	0
s5-0134-0008	239	0	0
s5-0134-0009	243	0	0
s5-0134-0010	248	0	0
s5-0134-0011	71	0	0
s5-0134-0012	238	0	0
s5-0134-0013	30	0	0
s5-0134-0014	31	0	0
s5-0134-0015	228	0	0
s5-0134-0016	231	0	0
s5-0134-0017	237	0	0
s5-0134-0018	31	0	0
s5-0134-0019	29	0	0
s5-0134-0020	32	0	0
s5-0134-0021	34	0	0
s5-0134-0022	33	0	0
s5-0134-0023	33	0	0
s5-0134-0024	30	0	0
s5-0134-0025	31	0	0
s5-0134-0026	32	0	0
s5-0134-0027	32	0	0
s5-0134-0028	237	0	0
s5-0134-0029	32	0	0
s5-0134-0030	33	0	0
s5-0134-0031	71	0	0
s5-0135-0000	39	0	38
s5-0135-0001	245	0	0
s5-0135-0002	30	0	0
s5-0135-0003	30	0	0
s5-0135-0004	32	0	5
s5-0135-0005	236	0	0
s5-0135-0006	31	0	0
s5-0135-0007	236	0	1
s5-0135-0008	241	0	0
s5-0135-0009	32	0	0
s5-0135-0010	245	0	0
s5-0135-0011	245	0	0
s5-0135-0012	31	0	6
s5-0135-0013	42	0	2
s5-0135-0014	42	0	0
s5-0135-0015	43	0	0
s5-0135-0016	36	0	2
s5-0135-0017	75	0	1
s5-0135-0018	31	0	0
s5-0135-0019	37	0	0
s5-0135-0020	32	0	0
s5-0135-0021	34	0	1
s5-0135-0022	33	0	0
s5-0135-0023	33	0	0
s5-0135-0024	32	0	33
s5-0135-0025	69	0	0
s5-0135-0026	31	0	0
s5-0135-0027	30	0	0
s5-0135-0028	30	0	1
s5-0135-0029	32	0	0
s5-0135-0030	32	0	0
s5-0135-0031	32	0	0
s5-0136-0000	34	0	4
s5-0136-0001	32	0	1
s5-0136-0002	29	0	1
s5-0136-0003	31	0	0
s5-0136-0004	31	0	3
s5-0136-0005	31	0	0
s5-0136-0006	31	0	0
s5-0136-0007	68	0	0
s5-0136-0008	30	0	1
s5-0136-0009	32	0	0
s5-0136-0010	33	0	1
s5-0136-0011	32	0	0
s5-0136-0012	31	0	0
s5-0136-0013	30	0	0
s5-0136-0014	31	0	0
s5-0136-0015	32	0	0
s5-0136-0016	34	0	3
s5-0136-0017	32	0	2
s5-0136-0018	31	0	0
s5-0136-0019	33	0	1
s5-0136-0020	73	0	0
s5-0136-0021	34	0	1
s5-0136-0022	31	0	0
s5-0136-0023	33	0	1
s5-0136-0024	32	0	1
s5-0136-0025	31	0	1
s5-0136-0026	31	0	0
s5-0136-0027	29	0	0
s5-0136-0028	32	0	1
s5-0136-0029	31	0	0
s5-0136-0030	32	0	0
s5-0136-0031	31	0	0
s5-0137-0000	32	0	1
s5-0137-0001	71	0	0
s5-0137-0002	30	0	0
s5-0137-0003	32	0	0
s5-0137-0004	31	0	2
s5-0137-0005	32	0	0
s5-0137-0006	32	0	0
s5-0137-0007	30	0	0
s5-0137-0008	31	0	0
s5-0137-0009	31	0	0
s5-0137-0010	33	0	0
s5-0137-0011	32	0	0
s5-0137-0012	31	0	0
s5-0137-0013	31	0	0
s5-0137-0014	30	0	0
s5-0137-0015	29	0	0
s5-0137-0016	31	0	0
s5-0137-0017	31	0	0
s5-0137-0018	32	0	1
s5-0137-0019	68	0	0
s5-0137-0020	32	0	0
s5-0137-0021	32	0	0
s5-0137-0022	32	0	0
s5-0137-0023	33	0	0
s5-0137-0024	32	0	1
s5-0137-0025	32	0	0
s5-0137-0026	31	0	0
s5-0137-0027	229	0	0
s5-0137-0028	31	0	0
s5-0137-0029	30	0	0
s5-0137-0030	32	0	0
s5-0137-0031	32	0	0
s5-0138-0000	50	0	2
s5-0138-0001	88	0	0
s5-0138-0002	47	0	0
s5-0138-0003	47	0	0
s5-0138-0004	38	0	0
s5-0138-0005	39	0	2
s5-0138-0006	40	0	0
s5-0138-0007	40	0	0
s5-0138-0008	38	0	0
s5-0138-0009	39	0	0
s5-0138-0010	41	0	0
s5-0138-0011	41	0	0
s5-0138-0012	41	0	0
s5-0138-0013	42	0	0
s5-0138-0014	83	0	0
s5-0138-0015	40	0	0
s5-0138-0016	39	0	0
s5-0138-0017	40	0	0
s5-0138-0018	40	0	0
s5-0138-0019	39	0	0
s5-0138-0020	41	0	0
s5-0138-0021	41	0	0
s5-0138-0022	40	0	0
s5-0138-0023	42	0	0
s5-0138-0024	43	0	0
s5-0138-0025	43	0	0
s5-0138-0026	44	0	0
s5-0138-0027	85	0	0
s5-0138-0028	52	0	0
s5-0138-0029	52	0	0
s5-0138-0030	55	0	0
s5-0138-0031	55	0	0
s5-0139-0000	33	0	0
s5-0139-0001	34	0	0
s5-0139-0002	31	0	0
s5-0139-0003	31	0	0
s5-0139-0004	32	0	1
s5-0139-0005	32	0	0
s5-0139-0006	31	0	0
s5-0139-0007	31	0	0
s5-0139-0008	71	0	0
s5-0139-0009	31	0	0
s5-0139-0010	32	0	0
s5-0139-0011	31	0	0
s5-0139-0012	31	0	0
s5-0139-0013	31	0	0
s5-0139-0014	31	0	0
s5-0139-0015	30	0	0
s5-0139-0016	31	0	0
s5-0139-0017	29	0	0
s5-0139-0018	31	0	0
s5-0139-0019	32	0	0
s5-0139-0020	33	0	0
s5-0139-0021	32	0	0
s5-0139-0022	32	0	0
s5-0139-0023	72	0	0
s5-0139-0024	30	0	2
s5-0139-0025	31	0	0
s5-0139-0026	31	0	0
s5-0139-0027	31	0	0
s5-0139-0028	31	0	0
s5-0139-0029	31	0	0
s5-0139-0030	30	0	0
s5-0139-0031	32	0	0
s5-0140-0000	50	0	2
s5-0140-0001	50	0	0
s5-0140-0002	48	0	0
s5-0140-0003	47	0	0
s5-0140-0004	39	0	0
s5-0140-0005	82	0	0
s5-0140-0006	40	0	0
s5-0140-0007	40	0	0
s5-0140-0008	41	0	1
s5-0140-0009	39	0	0
s5-0140-0010	41	0	0
s5-0140-0011	39	0	0
s5-0140-0012	43	0	27
s5-0140-0013	42	0	1
s5-0140-0014	42	0	0
s5-0140-0015	40	0	0
s5-0140-0016	40	0	1
s5-0140-0017	38	0	0
s5-0140-0018	83	0	0
s5-0140-0019	41	0	0
s5-0140-0020	43	0	0
s5-0140-0021	43	0	0
s5-0140-0022	40	0	0
s5-0140-0023	40	0	0
s5-0140-0024	42	0	0
s5-0140-0025	44	0	0
s5-0140-0026	44	0	0
s5-0140-0027	43	0	0
s5-0140-0028	54	0	0
s5-0140-0029	52	0	0
s5-0140-0030	53	0	0
s5-0140-0031	95	0	0
s5-0141-0000	33	0	2
s5-0141-0001	32	0	0
s5-0141-0002	31	0	0
s5-0141-0003	31	0	0
s5-0141-0004	31	0	0
s5-0141-0005	32	0	0
s5-0141-0006	29	0	0
s5-0141-0007	30	0	0
s5-0141-0008	30	0	0
s5-0141-0009	32	0	0
s5-0141-0010	33	0	0
s5-0141-0011	31	0	0
s5-0141-0012	30	0	0
s5-0141-0013	32	0	0
s5-0141-0014	30	0	0
s5-0141-0015	68	0	0
s5-0141-0016	30	0	0
s5-0141-0017	31	0	0
s5-0141-0018	31	0	0
s5-0141-0019	30	0	0
s5-0141-0020	31	0	3
s5-0141-0021	32	0	0
s5-0141-0022	31	0	0
s5-0141-0023	30	0	0
s5-0141-0024	31	0	0
s5-0141-0025	31	0	0
s5-0141-0026	30	0	1
s5-0141-0027	31	0	0
s5-0141-0028	68	0	0
s5-0141-0029	31	0	0
s5-0141-0030	31	0	0
s5-0141-0031	30	0	0
s5-0142-0000	33	0	0
s5-0142-0001	31	0	0
s5-0142-0002	32	0	0
s5-0142-0003	32	0	0
s5-0142-0004	30	0	0
s5-0142-0005	29	0	0
s5-0142-0006	30	0	0
s5-0142-0007	30	0	0
s5-0142-0008	32	0	0
s5-0142-0009	31	0	0
s5-0142-0010	71	0	0
s5-0142-0011	31	0	0
s5-0142-0012	30	0	0
s5-0142-0013	31	0	0
s5-0142-0014	30	0	0
s5-0142-0015	32	0	0
s5-0142-0016	30	0	0
s5-0142-0017	30	0	0
s5-0142-0018	31	0	0
s5-0142-0019	30	0	0
s5-0142-0020	31	0	0
s5-0142-0021	33	0	0
s5-0142-0022	31	0	0
s5-0142-0023	31	0	0
s5-0142-0024	31	0	0
s5-0142-0025	30	0	0
s5-0142-0026	70	0	0
s5-0142-0027	30	0	0
s5-0142-0028	32	0	0
s5-0142-0029	31	0	0
s5-0142-0030	30	0	0
s5-0142-0031	30	0	0
s5-0143-0000	51	0	1
s5-0143-0001	48	0	0
s5-0143-0002	49	0	0
s5-0143-0003	48	0	0
s5-0143-0004	39	0	0
s5-0143-0005	39	0	0
s5-0143-0006	83	0	0
s5-0143-0007	40	0	0
s5-0143-0008	38	0	1
s5-0143-0009	39	0	0
s5-0143-0010	41	0	0
s5-0143-0011	41	0	0
s5-0143-0012	42	0	4
s5-0143-0013	41	0	0
s5-0143-0014	42	0	0
s5-0143-0015	42	0	0
s5-0143-0016	38	0	0
s5-0143-0017	39	0	0
s5-0143-0018	40	0	0
s5-0143-0019	38	0	0
s5-0143-0020	42	0	0
s5-0143-0021	85	0	0
s5-0143-0022	41	0	0
s5-0143-0023	41	0	0
s5-0143-0024	41	0	0
s5-0143-0025	43	0	0
s5-0143-0026	45	0	0
s5-0143-0027	44	0	0
s5-0143-0028	54	0	0
s5-0143-0029	54	0	0
s5-0143-0030	52	0	0
s5-0143-0031	54	0	0
s5-0144-0000	50	0	0
s5-0144-0001	48	0	0
s5-0144-0002	47	0	0
s5-0144-0003	48	0	1
s5-0144-0004	38	0	0
s5-0144-0005	83	0	0
s5-0144-0006	40	0	0
s5-0144-0007	38	0	0
s5-0144-0008	40	0	0
s5-0144-0009	40	0	0
s5-0144-0010	40	0	0
s5-0144-0011	40	0	0
s5-0144-0012	42	0	0
s5-0144-0013	41	0	0
s5-0144-0014	42	0	0
s5-0144-0015	41	0	0
s5-0144-0016	39	0	0
s5-0144-0017	40	0	0
s5-0144-0018	82	0	0
s5-0144-0019	40	0	0
s5-0144-0020	41	0	0
s5-0144-0021	42	0	0
s5-0144-0022	40	0	0
s5-0144-0023	40	0	0
s5-0144-0024	43	0	0
s5-0144-0025	43	0	0
s5-0144-0026	42	0	0
s5-0144-0027	43	0	0
s5-0144-0028	52	0	0
s5-0144-0029	53	0	0
s5-0144-0030	54	0	0
s5-0144-0031	93	0	0
s5-0145-0000	50	0	14
s5-0145-0001	48	0	3
s5-0145-0002	49	0	2
s5-0145-0003	47	0	5
s5-0145-0004	39	0	3
s5-0145-0005	40	0	0
s5-0145-0006	40	0	1
s5-0145-0007	39	0	0
s5-0145-0008	41	0	3
s5-0145-0009	40	0	0
s5-0145-0010	41	0	1
s5-0145-0011	40	0	2
s5-0145-0012	84	0	4
s5-0145-0013	42	0	0
s5-0145-0014	41	0	0
s5-0145-0015	42	0	0
s5-0145-0016	38	0	3
s5-0145-0017	38	0	1
s5-0145-0018	40	0	13
s5-0145-0019	40	0	4
s5-0145-0020	41	0	12
s5-0145-0021	44	0	1
s5-0145-0022	41	0	0
s5-0145-0023	39	0	0
s5-0145-0024	44	0	2
s5-0145-0025	87	0	0
s5-0145-0026	44	0	1
s5-0145-0027	42	0	0
s5-0145-0028	55	0	0
s5-0145-0029	54	0	0
s5-0145-0030	53	0	0
s5-0145-0031	55	0	0
s5-0146-0000	51	0	2
s5-0146-0001	47	0	1
s5-0146-0002	49	0	1
s5-0146-0003	47	0	1
s5-0146-0004	38	0	0
s5-0146-0005	40	0	0
s5-0146-0006	83	0	0
s5-0146-0007	38	0	0
s5-0146-0008	41	0	0
s5-0146-0009	39	0	0
s5-0146-0010	42	0	0
s5-0146-0011	40	0	0
s5-0146-0012	42	0	1
s5-0146-0013	39	0	0
s5-0146-0014	42	0	0
s5-0146-0015	40	0	0
s5-0146-0016	40	0	0
s5-0146-0017	39	0	1
s5-0146-0018	40	0	0
s5-0146-0019	83	0	1
s5-0146-0020	40	0	0
s5-0146-0021	42	0	0
s5-0146-0022	39	0	0
s5-0146-0023	41	0	0
s5-0146-0024	44	0	0
s5-0146-0025	44	0	0
s5-0146-0026	43	0	0
s5-0146-0027	44	0	0
s5-0146-0028	52	0	0
s5-0146-0029	54	0	0
s5-0146-0030	58	0	0
s5-0146-0031	54	0	0
s5-0147-0000	90	0	0
s5-0147-0001	47	0	0
s5-0147-0002	49	0	0
s5-0147-0003	46	0	0
s5-0147-0004	40	0	0
s5-0147-0005	38	0	0
s5-0147-0006	39	0	0
s5-0147-0007	39	0	0
s5-0147-0008	40	0	1
s5-0147-0009	40	0	0
s5-0147-0010	40	0	0
s5-0147-0011	39	0	0
s5-0147-0012	84	0	0
s5-0147-0013	41	0	0
s5-0147-0014	43	0	0
s5-0147-0015	42	0	0
s5-0147-0016	40	0	0
s5-0147-0017	38	0	0
s5-0147-0018	38	0	0
s5-0147-0019	43	0	0
s5-0147-0020	43	0	0
s5-0147-0021	43	0	0
s5-0147-0022	40	0	0
s5-0147-0023	40	0	0
s5-0147-0024	41	0	0
s5-0147-0025	87	0	0
s5-0147-0026	45	0	0
s5-0147-0027	45	0	0
s5-0147-0028	54	0	0
s5-0147-0029	54	0	0
s5-0147-0030	55	0	0
s5-0147-0031	52	0	0
s5-0148-0000	50	0	0
s5-0148-0001	49	0	0
s5-0148-0002	48	0	0
s5-0148-0003	47	0	0
s5-0148-0004	39	0	0
s5-0148-0005	38	0	0
s5-0148-0006	84	0	0
s5-0148-0007	40	0	0
s5-0148-0008	283	0	0
s5-0148-0009	276	0	1
s5-0148-0010	41	0	0
s5-0148-0011	286	0	0
s5-0148-0012	287	0	0
s5-0148-0013	296	0	0
s5-0148-0014	297	0	0
s5-0148-0015	291	0	0
s5-0148-0016	288	0	0
s5-0148-0017	285	0	0
s5-0148-0018	289	0	0
s5-0148-0019	286	0	0
s5-0148-0020	302	0	0
s5-0148-0021	297	0	0
s5-0148-0022	290	0	0
s5-0148-0023	289	0	0
s5-0148-0024	300	0	0
s5-0148-0025	308	0	0
s5-0148-0026	306	0	0
s5-0148-0027	299	0	0
s5-0148-0028	364	0	0
s5-0148-0029	358	0	0
s5-0148-0030	365	0	0
s5-0148-0031	365	0	0
s5-0149-0000	327	0	0
s5-0149-0001	334	0	0
s5-0149-0002	88	0	0
s5-0149-0003	46	0	0
s5-0149-0004	39	0	0
s5-0149-0005	41	0	0
s5-0149-0006	40	0	0
s5-0149-0007	40	0	0
s5-0149-0008	38	0	0
s5-0149-0009	39	0	0
s5-0149-0010	42	0	0
s5-0149-0011	40	0	0
s5-0149-0012	42	0	0
s5-0149-0013	42	0	0
s5-0149-0014	40	0	0
s5-0149-0015	41	0	0
s5-0149-0016	82	0	0
s5-0149-0017	38	0	0
s5-0149-0018	40	0	0
s5-0149-0019	40	0	0
s5-0149-0020	42	0	0
s5-0149-0021	43	0	0
s5-0149-0022	42	0	0
s5-0149-0023	40	0	0
s5-0149-0024	45	0	0
s5-0149-0025	46	0	0
s5-0149-0026	45	0	0
s5-0149-0027	42	0	0
s5-0149-0028	355	0	0
s5-0149-0029	356	0	0
s5-0149-0030	359	0	0
s5-0149-0031	361	0	0
s5-0150-0000	49	0	1
s5-0150-0001	87	0	0
s5-0150-0002	326	0	0
s5-0150-0003	327	0	0
s5-0150-0004	39	0	0
s5-0150-0005	284	0	0
s5-0150-0006	285	0	0
s5-0150-0007	286	0	0
s5-0150-0008	288	0	0
s5-0150-0009	271	0	0
s5-0150-0010	285	0	0
s5-0150-0011	285	0	0
s5-0150-0012	297	0	1
s5-0150-0013	295	0	0
s5-0150-0014	292	0	0
s5-0150-0015	293	0	0
s5-0150-0016	285	0	0
s5-0150-0017	39	0	0
s5-0150-0018	40	0	0
s5-0150-0019	286	0	0
s5-0150-0020	42	0	0
s5-0150-0021	43	0	0
s5-0150-0022	40	0	0
s5-0150-0023	40	0	0
s5-0150-0024	43	0	0
s5-0150-0025	44	0	0
s5-0150-0026	44	0	0
s5-0150-0027	43	0	0
s5-0150-0028	51	0	0
s5-0150-0029	95	0	0
s5-0150-0030	54	0	0
s5-0150-0031	55	0	0
s5-0151-0000	325	0	1
s5-0151-0001	49	0	0
s5-0151-0002	322	0	0
s5-0151-0003	329	0	0
s5-0151-0004	289	0	0
s5-0151-0005	280	0	0
s5-0151-0006	287	0	0
s5-0151-0007	281	0	0
s5-0151-0008	283	0	0
s5-0151-0009	287	0	0
s5-0151-0010	288	0	0
s5-0151-0011	275	0	0
s5-0151-0012	42	0	0
s5-0151-0013	293	0	0
s5-0151-0014	294	0	0
s5-0151-0015	295	0	0
s5-0151-0016	38	0	0
s5-0151-0017	289	0	0
s5-0151-0018	283	0	0
s5-0151-0019	282	0	0
s5-0151-0020	297	0	0
s5-0151-0021	291	0	0
s5-0151-0022	286	0	0
s5-0151-0023	40	0	0
s5-0151-0024	43	0	0
s5-0151-0025	44	0	0
s5-0151-0026	44	0	0
s5-0151-0027	301	0	0
s5-0151-0028	362	0	0
s5-0151-0029	55	0	0
s5-0151-0030	54	0	0
s5-0151-0031	52	0	0
s5-0152-0000	332	0	0
s5-0152-0001	88	0	0
s5-0152-0002	48	0	0
s5-0152-0003	330	0	0
s5-0152-0004	286	0	0
s5-0152-0005	289	0	0
s5-0152-0006	40	0	0
s5-0152-0007	40	0	0
s5-0152-0008	40	0	0
s5-0152-0009	39	0	0
s5-0152-0010	40	0	0
s5-0152-0011	40	0	0
s5-0152-0012	42	0	1
s5-0152-0013	42	0	0
s5-0152-0014	42	0	0
s5-0152-0015	40	0	0
s5-0152-0016	38	0	0
s5-0152-0017	82	0	0
s5-0152-0018	40	0	0
s5-0152-0019	39	0	0
s5-0152-0020	41	0	0
s5-0152-0021	285	0	0
s5-0152-0022	288	0	0
s5-0152-0023	291	0	0
s5-0152-0024	302	0	0
s5-0152-0025	298	0	0
s5-0152-0026	305	0	0
s5-0152-0027	303	0	0
s5-0152-0028	362	0	0
s5-0152-0029	54	0	0
s5-0152-0030	53	0	0
s5-0152-0031	52	0	0
s5-0153-0000	335	0	0
s5-0153-0001	332	0	0
s5-0153-0002	330	0	0
s5-0153-0003	326	0	0
s5-0153-0004	281	0	0
s5-0153-0005	41	0	0
s5-0153-0006	40	0	0
s5-0153-0007	40	0	0
s5-0153-0008	284	0	0
s5-0153-0009	284	0	0
s5-0153-0010	83	0	1
s5-0153-0011	41	0	0
s5-0153-0012	286	0	0
s5-0153-0013	287	0	0
s5-0153-0014	42	0	0
s5-0153-0015	40	0	0
s5-0153-0016	40	0	0
s5-0153-0017	41	0	0
s5-0153-0018	282	0	0
s5-0153-0019	40	0	0
s5-0153-0020	292	0	0
s5-0153-0021	280	0	0
s5-0153-0022	294	0	0
s5-0153-0023	41	0	0
s5-0153-0024	43	0	0
s5-0153-0025	42	0	0
s5-0153-0026	44	0	0
s5-0153-0027	308	0	0
s5-0153-0028	364	0	0
s5-0153-0029	359	0	0
s5-0153-0030	357	0	0
s5-0153-0031	366	0	0
s5-0154-0000	37	0	8
s5-0154-0001	32	0	2
s5-0154-0002	236	0	2
s5-0154-0003	235	0	0
s5-0154-0004	229	0	1
s5-0154-0005	231	0	1
s5-0154-0006	232	0	3
s5-0154-0007	232	0	0
s5-0154-0008	238	0	15
s5-0154-0009	233	0	0
s5-0154-0010	251	0	7
s5-0154-0011	239	0	0
s5-0154-0012	231	0	5
s5-0154-0013	31	0	1
s5-0154-0014	233	0	92
s5-0154-0015	72	0	6
s5-0154-0016	31	0	1
s5-0154-0017	233	0	0
s5-0154-0018	28	0	2
s5-0154-0019	30	0	0
s5-0154-0020	31	0	2
s5-0154-0021	34	0	1
s5-0154-0022	233	0	0
s5-0154-0023	31	0	0
s5-0154-0024	33	0	6
s5-0154-0025	32	0	3
s5-0154-0026	31	0	0
s5-0154-0027	31	0	1
s5-0154-0028	234	0	0
s5-0154-0029	32	0	0
s5-0154-0030	236	0	0
s5-0154-0031	32	0	0
s5-0155-0000	33	0	13
s5-0155-0001	32	0	1
s5-0155-0002	30	0	0
s5-0155-0003	32	0	1
s5-0155-0004	67	0	2
s5-0155-0005	31	0	11
s5-0155-0006	229	0	6
s5-0155-0007	231	0	0
s5-0155-0008	238	0	5
s5-0155-0009	31	0	1
s5-0155-0010	30	0	0
s5-0155-0011	31	0	0
s5-0155-0012	31	0	1
s5-0155-0013	33	0	0
s5-0155-0014	35	0	68
s5-0155-0015	31	0	0
s5-0155-0016	30	0	1
s5-0155-0017	31	0	0
s5-0155-0018	31	0	1
s5-0155-0019	227	0	0
s5-0155-0020	71	0	27
s5-0155-0021	250	0	24
s5-0155-0022	32	0	9
s5-0155-0023	33	0	0
s5-0155-0024	236	0	2
s5-0155-0025	32	0	0
s5-0155-0026	239	0	0
s5-0155-0027	30	0	0
s5-0155-0028	233	0	0
s5-0155-0029	234	0	0
s5-0155-0030	31	0	0
s5-0155-0031	32	0	0
s5-0156-0000	245	0	8
s5-0156-0001	237	0	1
s5-0156-0002	32	0	1
s5-0156-0003	235	0	0
s5-0156-0004	232	0	1
s5-0156-0005	31	0	0
s5-0156-0006	31	0	3
s5-0156-0007	29	0	0
s5-0156-0008	31	0	8
s5-0156-0009	31	0	1
s5-0156-0010	239	0	1
s5-0156-0011	240	0	1
s5-0156-0012	234	0	4
s5-0156-0013	235	0	0
s5-0156-0014	32	0	23
s5-0156-0015	232	0	1
s5-0156-0016	231	0	0
s5-0156-0017	234	0	0
s5-0156-0018	231	0	0
s5-0156-0019	233	0	0
s5-0156-0020	77	0	6
s5-0156-0021	239	0	0
s5-0156-0022	237	0	0
s5-0156-0023	238	0	0
s5-0156-0024	235	0	14
s5-0156-0025	32	0	0
s5-0156-0026	32	0	4
s5-0156-0027	236	0	0
s5-0156-0028	32	0	0
s5-0156-0029	235	0	0
s5-0156-0030	236	0	0
s5-0156-0031	31	0	0
s5-0157-0000	261	0	201
s5-0157-0001	40	0	30
s5-0157-0002	233	0	43
s5-0157-0003	237	0	10
s5-0157-0004	234	0	31
s5-0157-0005	34	0	9
s5-0157-0006	234	0	51
s5-0157-0007	237	0	13
s5-0157-0008	243	0	35
s5-0157-0009	31	0	6
s5-0157-0010	34	0	12
s5-0157-0011	32	0	2
s5-0157-0012	234	0	47
s5-0157-0013	236	0	6
s5-0157-0014	48	0	50
s5-0157-0015	31	0	6
s5-0157-0016	232	0	17
s5-0157-0017	31	0	42
s5-0157-0018	234	0	1
s5-0157-0019	230	0	0
s5-0157-0020	33	0	145
s5-0157-0021	94	0	771
s5-0157-0022	31	0	6
s5-0157-0023	31	0	18
s5-0157-0024	32	0	73
s5-0157-0025	32	0	31
s5-0157-0026	33	0	7
s5-0157-0027	233	0	5
s5-0157-0028	235	0	0
s5-0157-0029	31	0	0
s5-0157-0030	32	0	0
s5-0157-0031	30	0	0
s5-0158-0000	243	0	11
s5-0158-0001	235	0	0
s5-0158-0002	237	0	4
s5-0158-0003	238	0	3
s5-0158-0004	226	0	1
s5-0158-0005	30	0	0
s5-0158-0006	32	0	0
s5-0158-0007	31	0	0
s5-0158-0008	32	0	0
s5-0158-0009	33	0	0
s5-0158-0010	33	0	1
s5-0158-0011	34	0	3
s5-0158-0012	224	0	1
s5-0158-0013	33	0	0
s5-0158-0014	30	0	0
s5-0158-0015	69	0	0
s5-0158-0016	31	0	0
s5-0158-0017	30	0	0
s5-0158-0018	30	0	0
s5-0158-0019	233	0	1
s5-0158-0020	240	0	0
s5-0158-0021	242	0	0
s5-0158-0022	233	0	0
s5-0158-0023	235	0	0
s5-0158-0024	31	0	3
s5-0158-0025	32	0	0
s5-0158-0026	30	0	0
s5-0158-0027	235	0	0
s5-0158-0028	30	0	0
s5-0158-0029	30	0	0
s5-0158-0030	31	0	0
s5-0158-0031	234	0	0
s5-0159-0000	242	0	21
s5-0159-0001	235	0	9
s5-0159-0002	33	0	15
s5-0159-0003	29	0	7
s5-0159-0004	32	0	4
s5-0159-0005	228	0	2
s5-0159-0006	229	0	1
s5-0159-0007	225	0	1
s5-0159-0008	227	0	37
s5-0159-0009	30	0	1
s5-0159-0010	241	0	10
s5-0159-0011	235	0	2
s5-0159-0012	30	0	8
s5-0159-0013	233	0	0
s5-0159-0014	235	0	6
s5-0159-0015	234	0	0
s5-0159-0016	31	0	1
s5-0159-0017	69	0	1
s5-0159-0018	231	0	4
s5-0159-0019	233	0	3
s5-0159-0020	241	0	54
s5-0159-0021	241	0	4
s5-0159-0022	232	0	12
s5-0159-0023	236	0	0
s5-0159-0024	232	0	5
s5-0159-0025	32	0	3
s5-0159-0026	227	0	3
s5-0159-0027	31	0	4
s5-0159-0028	232	0	0
s5-0159-0029	32	0	0
s5-0159-0030	31	0	0
s5-0159-0031	231	0	0
s5-0160-0000	241	0	29
s5-0160-0001	35	0	5
s5-0160-0002	33	0	12
s5-0160-0003	234	0	23
s5-0160-0004	229	0	7
s5-0160-0005	224	0	0
s5-0160-0006	224	0	0
s5-0160-0007	229	0	4
s5-0160-0008	41	0	31
s5-0160-0009	31	0	1
s5-0160-0010	33	0	23
s5-0160-0011	32	0	10
s5-0160-0012	234	0	11
s5-0160-0013	29	0	1
s5-0160-0014	32	0	4
s5-0160-0015	240	0	6
s5-0160-0016	67	0	5
s5-0160-0017	233	0	1
s5-0160-0018	31	0	11
s5-0160-0019	30	0	0
s5-0160-0020	33	0	75
s5-0160-0021	36	0	285
s5-0160-0022	31	0	30
s5-0160-0023	31	0	0
s5-0160-0024	232	0	5
s5-0160-0025	236	0	3
s5-0160-0026	237	0	0
s5-0160-0027	230	0	0
s5-0160-0028	32	0	0
s5-0160-0029	31	0	0
s5-0160-0030	236	0	0
s5-0160-0031	232	0	0
s5-0161-0000	239	0	15
s5-0161-0001	31	0	5
s5-0161-0002	31	0	9
s5-0161-0003	31	0	6
s5-0161-0004	31	0	4
s5-0161-0005	67	0	1
s5-0161-0006	32	0	1
s5-0161-0007	30	0	1
s5-0161-0008	230	0	26
s5-0161-0009	30	0	1
s5-0161-0010	33	0	9
s5-0161-0011	30	0	2
s5-0161-0012	33	0	6
s5-0161-0013	233	0	0
s5-0161-0014	30	0	3
s5-0161-0015	30	0	0
s5-0161-0016	30	0	1
s5-0161-0017	230	0	1
s5-0161-0018	229	0	2
s5-0161-0019	233	0	1
s5-0161-0020	31	0	49
s5-0161-0021	240	0	4
s5-0161-0022	31	0	12
s5-0161-0023	30	0	0
s5-0161-0024	233	0	5
s5-0161-0025	69	0	3
s5-0161-0026	235	0	3
s5-0161-0027	231	0	2
s5-0161-0028	30	0	0
s5-0161-0029	236	0	0
s5-0161-0030	32	0	0
s5-0161-0031	31	0	0
s5-0162-0000	33	0	48
s5-0162-0001	233	0	8
s5-0162-0002	236	0	15
s5-0162-0003	32	0	2
s5-0162-0004	226	0	3
s5-0162-0005	230	0	1
s5-0162-0006	31	0	1
s5-0162-0007	232	0	0
s5-0162-0008	236	0	33
s5-0162-0009	233	0	7
s5-0162-0010	244	0	7
s5-0162-0011	237	0	4
s5-0162-0012	233	0	10
s5-0162-0013	235	0	7
s5-0162-0014	234	0	3
s5-0162-0015	32	0	4
s5-0162-0016	36	0	6
s5-0162-0017	32	0	0
s5-0162-0018	223	0	2
s5-0162-0019	231	0	0
s5-0162-0020	253	0	72
s5-0162-0021	249	0	11
s5-0162-0022	235	0	2
s5-0162-0023	31	0	1
s5-0162-0024	38	0	14
s5-0162-0025	232	0	22
s5-0162-0026	231	0	12
s5-0162-0027	31	0	0
s5-0162-0028	235	0	0
s5-0162-0029	68	0	0
s5-0162-0030	232	0	0
s5-0162-0031	230	0	0
s5-0163-0000	337	0	1
s5-0163-0001	326	0	0
s5-0163-0002	47	0	0
s5-0163-0003	49	0	0
s5-0163-0004	38	0	0
s5-0163-0005	40	0	0
s5-0163-0006	287	0	1
s5-0163-0007	40	0	1
s5-0163-0008	276	0	0
s5-0163-0009	39	0	0
s5-0163-0010	297	0	0
s5-0163-0011	290	0	0
s5-0163-0012	40	0	0
s5-0163-0013	42	0	0
s5-0163-0014	40	0	0
s5-0163-0015	293	0	0
s5-0163-0016	40	0	0
s5-0163-0017	40	0	0
s5-0163-0018	41	0	0
s5-0163-0019	83	0	0
s5-0163-0020	299	0	0
s5-0163-0021	291	0	0
s5-0163-0022	294	0	0
s5-0163-0023	290	0	0
s5-0163-0024	307	0	0
s5-0163-0025	304	0	0
s5-0163-0026	43	0	0
s5-0163-0027	44	0	0
s5-0163-0028	53	0	0
s5-0163-0029	55	0	0
s5-0163-0030	54	0	0
s5-0163-0031	52	0	0
s5-0164-0000	233	0	6
s5-0164-0001	30	0	0
s5-0164-0002	237	0	4
s5-0164-0003	32	0	0
s5-0164-0004	226	0	0
s5-0164-0005	223	0	0
s5-0164-0006	67	0	0
s5-0164-0007	230	0	0
s5-0164-0008	31	0	2
s5-0164-0009	31	0	0
s5-0164-0010	31	0	1
s5-0164-0011	230	0	0
s5-0164-0012	29	0	0
s5-0164-0013	229	0	2
s5-0164-0014	30	0	0
s5-0164-0015	232	0	0
s5-0164-0016	231	0	0
s5-0164-0017	31	0	0
s5-0164-0018	229	0	0
s5-0164-0019	232	0	0
s5-0164-0020	32	0	3
s5-0164-0021	237	0	0
s5-0164-0022	236	0	0
s5-0164-0023	32	0	0
s5-0164-0024	31	0	1
s5-0164-0025	232	0	0
s5-0164-0026	30	0	9
s5-0164-0027	236	0	0
s5-0164-0028	235	0	0
s5-0164-0029	234	0	0
s5-0164-0030	33	0	0
s5-0164-0031	231	0	0
s5-0165-0000	36	0	4
s5-0165-0001	230	0	1
s5-0165-0002	236	0	1
s5-0165-0003	233	0	0
s5-0165-0004	228	0	0
s5-0165-0005	231	0	0
s5-0165-0006	232	0	0
s5-0165-0007	30	0	0
s5-0165-0008	228	0	2
s5-0165-0009	230	0	0
s5-0165-0010	240	0	4
s5-0165-0011	230	0	0
s5-0165-0012	232	0	2
s5-0165-0013	228	0	0
s5-0165-0014	233	0	0
s5-0165-0015	232	0	1
s5-0165-0016	237	0	3
s5-0165-0017	233	0	1
s5-0165-0018	231	0	0
s5-0165-0019	231	0	0
s5-0165-0020	250	0	43
s5-0165-0021	246	0	10
s5-0165-0022	232	0	2
s5-0165-0023	232	0	1
s5-0165-0024	229	0	2
s5-0165-0025	231	0	1
s5-0165-0026	236	0	19
s5-0165-0027	230	0	0
s5-0165-0028	240	0	0
s5-0165-0029	236	0	0
s5-0165-0030	235	0	0
s5-0165-0031	237	0	0
s5-0166-0000	241	0	74
s5-0166-0001	242	0	13
s5-0166-0002	236	0	15
s5-0166-0003	235	0	5
s5-0166-0004	234	0	11
s5-0166-0005	229	0	8
s5-0166-0006	229	0	6
s5-0166-0007	228	0	8
s5-0166-0008	237	0	43
s5-0166-0009	235	0	7
s5-0166-0010	239	0	2
s5-0166-0011	238	0	3
s5-0166-0012	235	0	55
s5-0166-0013	235	0	12
s5-0166-0014	235	0	6
s5-0166-0015	234	0	0
s5-0166-0016	236	0	3
s5-0166-0017	235	0	5
s5-0166-0018	230	0	10
s5-0166-0019	233	0	7
s5-0166-0020	254	0	60
s5-0166-0021	32	0	1
s5-0166-0022	32	0	9
s5-0166-0023	32	0	0
s5-0166-0024	31	0	24
s5-0166-0025	68	0	3
s5-0166-0026	40	0	23
s5-0166-0027	31	0	4
s5-0166-0028	30	0	0
s5-0166-0029	30	0	0
s5-0166-0030	31	0	0
s5-0166-0031	31	0	0
s5-0167-0000	32	0	1
s5-0167-0001	31	0	0
s5-0167-0002	30	0	0
s5-0167-0003	31	0	0
s5-0167-0004	32	0	0
s5-0167-0005	30	0	0
s5-0167-0006	30	0	0
s5-0167-0007	68	0	0
s5-0167-0008	36	0	2
s5-0167-0009	34	0	2
s5-0167-0010	32	0	0
s5-0167-0011	32	0	0
s5-0167-0012	33	0	4
s5-0167-0013	30	0	0
s5-0167-0014	31	0	6
s5-0167-0015	31	0	0
s5-0167-0016	30	0	0
s5-0167-0017	30	0	0
s5-0167-0018	31	0	0
s5-0167-0019	31	0	0
s5-0167-0020	72	0	0
s5-0167-0021	33	0	0
s5-0167-0022	30	0	0
s5-0167-0023	31	0	0
s5-0167-0024	31	0	0
s5-0167-0025	31	0	0
s5-0167-0026	31	0	16
s5-0167-0027	30	0	0
s5-0167-0028	32	0	0
s5-0167-0029	30	0	0
s5-0167-0030	31	0	0
s5-0167-0031	30	0	0
s5-0168-0000	32	0	5
s5-0168-0001	71	0	3
s5-0168-0002	30	0	2
s5-0168-0003	32	0	12
s5-0168-0004	30	0	0
s5-0168-0005	32	0	1
s5-0168-0006	31	0	0
s5-0168-0007	31	0	0
s5-0168-0008	233	0	4
s5-0168-0009	227	0	0
s5-0168-0010	237	0	0
s5-0168-0011	238	0	0
s5-0168-0012	234	0	2
s5-0168-0013	224	0	0
s5-0168-0014	233	0	0
s5-0168-0015	229	0	0
s5-0168-0016	230	0	0
s5-0168-0017	229	0	0
s5-0168-0018	228	0	0
s5-0168-0019	223	0	0
s5-0168-0020	236	0	0
s5-0168-0021	237	0	0
s5-0168-0022	227	0	0
s5-0168-0023	235	0	0
s5-0168-0024	232	0	0
s5-0168-0025	231	0	0
s5-0168-0026	233	0	0
s5-0168-0027	233	0	0
s5-0168-0028	235	0	0
s5-0168-0029	233	0	0
s5-0168-0030	231	0	0
s5-0168-0031	235	0	0
s5-0169-0000	238	0	18
s5-0169-0001	239	0	4
s5-0169-0002	232	0	3
s5-0169-0003	234	0	1
s5-0169-0004	230	0	1
s5-0169-0005	224	0	1
s5-0169-0006	231	0	0
s5-0169-0007	230	0	0
s5-0169-0008	236	0	14
s5-0169-0009	235	0	1
s5-0169-0010	244	0	7
s5-0169-0011	234	0	0
s5-0169-0012	236	0	10
s5-0169-0013	231	0	1
s5-0169-0014	237	0	4
s5-0169-0015	230	0	0
s5-0169-0016	233	0	6
s5-0169-0017	228	0	0
s5-0169-0018	29	0	1
s5-0169-0019	230	0	0
s5-0169-0020	34	0	95
s5-0169-0021	34	0	8
s5-0169-0022	31	0	1
s5-0169-0023	236	0	0
s5-0169-0024	32	0	3
s5-0169-0025	235	0	0
s5-0169-0026	32	0	1
s5-0169-0027	68	0	0
s5-0169-0028	30	0	0
s5-0169-0029	31	0	0
s5-0169-0030	31	0	0
s5-0169-0031	30	0	0
s5-0170-0000	51	0	2
s5-0170-0001	50	0	0
s5-0170-0002	48	0	2
s5-0170-0003	49	0	0
s5-0170-0004	40	0	0
s5-0170-0005	39	0	0
s5-0170-0006	40	0	1
s5-0170-0007	82	0	0
s5-0170-0008	42	0	2
s5-0170-0009	39	0	0
s5-0170-0010	42	0	0
s5-0170-0011	40	0	0
s5-0170-0012	43	0	1
s5-0170-0013	42	0	0
s5-0170-0014	41	0	0
s5-0170-0015	40	0	0
s5-0170-0016	38	0	0
s5-0170-0017	40	0	0
s5-0170-0018	41	0	0
s5-0170-0019	40	0	0
s5-0170-0020	84	0	1
s5-0170-0021	42	0	0
s5-0170-0022	39	0	0
s5-0170-0023	39	0	0
s5-0170-0024	43	0	0
s5-0170-0025	44	0	0
s5-0170-0026	302	0	0
s5-0170-0027	301	0	0
s5-0170-0028	55	0	0
s5-0170-0029	355	0	0
s5-0170-0030	367	0	0
s5-0170-0031	361	0	0
s5-0171-0000	239	0	10
s5-0171-0001	235	0	2
s5-0171-0002	233	0	1
s5-0171-0003	229	0	0
s5-0171-0004	232	0	0
s5-0171-0005	226	0	1
s5-0171-0006	229	0	4
s5-0171-0007	228	0	0
s5-0171-0008	239	0	6
s5-0171-0009	236	0	1
s5-0171-0010	235	0	5
s5-0171-0011	236	0	0
s5-0171-0012	233	0	1
s5-0171-0013	231	0	0
s5-0171-0014	246	0	66
s5-0171-0015	231	0	0
s5-0171-0016	232	0	0
s5-0171-0017	226	0	0
s5-0171-0018	232	0	1
s5-0171-0019	232	0	0
s5-0171-0020	245	0	51
s5-0171-0021	32	0	25
s5-0171-0022	231	0	0
s5-0171-0023	234	0	0
s5-0171-0024	233	0	0
s5-0171-0025	235	0	0
s5-0171-0026	29	0	1
s5-0171-0027	230	0	0
s5-0171-0028	237	0	0
s5-0171-0029	233	0	0
s5-0171-0030	30	0	0
s5-0171-0031	233	0	0
s5-0172-0000	248	0	116
s5-0172-0001	239	0	7
s5-0172-0002	231	0	8
s5-0172-0003	235	0	12
s5-0172-0004	231	0	3
s5-0172-0005	230	0	0
s5-0172-0006	31	0	16
s5-0172-0007	234	0	32
s5-0172-0008	239	0	24
s5-0172-0009	236	0	3
s5-0172-0010	32	0	3
s5-0172-0011	240	0	21
s5-0172-0012	238	0	35
s5-0172-0013	30	0	3
s5-0172-0014	32	0	32
s5-0172-0015	58	0	70
s5-0172-0016	69	0	6
s5-0172-0017	34	0	37
s5-0172-0018	32	0	6
s5-0172-0019	31	0	0
s5-0172-0020	38	0	115
s5-0172-0021	46	0	736
s5-0172-0022	32	0	0
s5-0172-0023	32	0	0
s5-0172-0024	33	0	24
s5-0172-0025	36	0	25
s5-0172-0026	30	0	18
s5-0172-0027	68	0	0
s5-0172-0028	31	0	0
s5-0172-0029	32	0	0
s5-0172-0030	31	0	0
s5-0172-0031	32	0	0
s5-0173-0000	32	0	4
s5-0173-0001	33	0	0
s5-0173-0002	30	0	1
s5-0173-0003	32	0	7
s5-0173-0004	31	0	0
s5-0173-0005	31	0	1
s5-0173-0006	29	0	0
s5-0173-0007	31	0	0
s5-0173-0008	34	0	1
s5-0173-0009	31	0	0
s5-0173-0010	70	0	0
s5-0173-0011	32	0	0
s5-0173-0012	30	0	0
s5-0173-0013	31	0	0
s5-0173-0014	31	0	0
s5-0173-0015	31	0	0
s5-0173-0016	31	0	0
s5-0173-0017	31	0	0
s5-0173-0018	28	0	0
s5-0173-0019	229	0	0
s5-0173-0020	32	0	0
s5-0173-0021	243	0	0
s5-0173-0022	228	0	0
s5-0173-0023	234	0	0
s5-0173-0024	228	0	0
s5-0173-0025	227	0	0
s5-0173-0026	229	0	0
s5-0173-0027	234	0	0
s5-0173-0028	226	0	0
s5-0173-0029	230	0	0
s5-0173-0030	237	0	0
s5-0173-0031	30	0	0
s5-0174-0000	240	0	9
s5-0174-0001	240	0	0
s5-0174-0002	233	0	1
s5-0174-0003	231	0	0
s5-0174-0004	226	0	1
s5-0174-0005	231	0	0
s5-0174-0006	225	0	3
s5-0174-0007	229	0	1
s5-0174-0008	237	0	3
s5-0174-0009	233	0	0
s5-0174-0010	231	0	0
s5-0174-0011	235	0	0
s5-0174-0012	227	0	6
s5-0174-0013	37	0	50
s5-0174-0014	236	0	6
s5-0174-0015	233	0	15
s5-0174-0016	233	0	0
s5-0174-0017	235	0	0
s5-0174-0018	29	0	0
s5-0174-0019	231	0	0
s5-0174-0020	33	0	5
s5-0174-0021	33	0	0
s5-0174-0022	233	0	0
s5-0174-0023	236	0	0
s5-0174-0024	69	0	4
s5-0174-0025	234	0	0
s5-0174-0026	240	0	14
s5-0174-0027	232	0	0
s5-0174-0028	230	0	0
s5-0174-0029	236	0	0
s5-0174-0030	233	0	0
s5-0174-0031	232	0	0
s5-0175-0000	33	0	0
s5-0175-0001	239	0	0
s5-0175-0002	235	0	0
s5-0175-0003	31	0	0
s5-0175-0004	32	0	1
s5-0175-0005	32	0	0
s5-0175-0006	29	0	0
s5-0175-0007	30	0	0
s5-0175-0008	232	0	0
s5-0175-0009	232	0	0
s5-0175-0010	31	0	0
s5-0175-0011	31	0	0
s5-0175-0012	31	0	0
s5-0175-0013	32	0	0
s5-0175-0014	31	0	0
s5-0175-0015	28	0	0
s5-0175-0016	70	0	0
s5-0175-0017	30	0	0
s5-0175-0018	30	0	0
s5-0175-0019	31	0	0
s5-0175-0020	32	0	0
s5-0175-0021	30	0	0
s5-0175-0022	31	0	0
s5-0175-0023	224	0	0
s5-0175-0024	30	0	0
s5-0175-0025	232	0	2
s5-0175-0026	30	0	0
s5-0175-0027	235	0	0
s5-0175-0028	31	0	0
s5-0175-0029	32	0	0
s5-0175-0030	31	0	0
s5-0175-0031	30	0	0
s5-0176-0000	32	0	16
s5-0176-0001	70	0	0
s5-0176-0002	31	0	4
s5-0176-0003	32	0	0
s5-0176-0004	31	0	0
s5-0176-0005	30	0	2
s5-0176-0006	31	0	0
s5-0176-0007	29	0	0
s5-0176-0008	31	0	1
s5-0176-0009	32	0	3
s5-0176-0010	33	0	41
s5-0176-0011	31	0	0
s5-0176-0012	33	0	0
s5-0176-0013	31	0	0
s5-0176-0014	30	0	5
s5-0176-0015	227	0	0
s5-0176-0016	67	0	0
s5-0176-0017	226	0	0
s5-0176-0018	226	0	0
s5-0176-0019	230	0	0
s5-0176-0020	236	0	0
s5-0176-0021	239	0	1
s5-0176-0022	232	0	0
s5-0176-0023	230	0	0
s5-0176-0024	32	0	2
s5-0176-0025	237	0	5
s5-0176-0026	234	0	0
s5-0176-0027	234	0	0
s5-0176-0028	31	0	0
s5-0176-0029	36	0	0
s5-0176-0030	236	0	0
s5-0176-0031	236	0	0
s5-0177-0000	244	0	0
s5-0177-0001	232	0	0
s5-0177-0002	233	0	0
s5-0177-0003	238	0	0
s5-0177-0004	229	0	0
s5-0177-0005	232	0	0
s5-0177-0006	232	0	0
s5-0177-0007	231	0	0
s5-0177-0008	238	0	0
s5-0177-0009	232	0	0
s5-0177-0010	239	0	0
s5-0177-0011	239	0	0
s5-0177-0012	235	0	0
s5-0177-0013	236	0	0
s5-0177-0014	234	0	0
s5-0177-0015	234	0	0
s5-0177-0016	30	0	0
s5-0177-0017	233	0	0
s5-0177-0018	30	0	0
s5-0177-0019	230	0	0
s5-0177-0020	30	0	0
s5-0177-0021	238	0	0
s5-0177-0022	232	0	0
s5-0177-0023	234	0	0
s5-0177-0024	234	0	0
s5-0177-0025	234	0	0
s5-0177-0026	234	0	0
s5-0177-0027	230	0	0
s5-0177-0028	31	0	0
s5-0177-0029	32	0	0
s5-0177-0030	32	0	0
s5-0177-0031	235	0	0
s5-0178-0000	240	0	4
s5-0178-0001	31	0	1
s5-0178-0002	31	0	2
s5-0178-0003	32	0	0
s5-0178-0004	68	0	0
s5-0178-0005	225	0	4
s5-0178-0006	227	0	0
s5-0178-0007	30	0	0
s5-0178-0008	32	0	1
s5-0178-0009	32	0	0
s5-0178-0010	31	0	3
s5-0178-0011	30	0	0
s5-0178-0012	31	0	4
s5-0178-0013	33	0	0
s5-0178-0014	31	0	0
s5-0178-0015	32	0	0
s5-0178-0016	31	0	2
s5-0178-0017	30	0	0
s5-0178-0018	221	0	0
s5-0178-0019	32	0	0
s5-0178-0020	70	0	0
s5-0178-0021	239	0	0
s5-0178-0022	32	0	0
s5-0178-0023	35	0	0
s5-0178-0024	235	0	1
s5-0178-0025	32	0	1
s5-0178-0026	30	0	0
s5-0178-0027	31	0	0
s5-0178-0028	33	0	0
s5-0178-0029	32	0	0
s5-0178-0030	31	0	0
s5-0178-0031	31	0	0
s5-0179-0000	38	0	96
s5-0179-0001	44	0	12
s5-0179-0002	32	0	5
s5-0179-0003	33	0	12
s5-0179-0004	67	0	8
s5-0179-0005	30	0	1
s5-0179-0006	31	0	1
s5-0179-0007	30	0	4
s5-0179-0008	232	0	65
s5-0179-0009	225	0	3
s5-0179-0010	365	0	1612
s5-0179-0011	32	0	0
s5-0179-0012	229	0	24
s5-0179-0013	32	0	51
s5-0179-0014	30	0	6
s5-0179-0015	31	0	0
s5-0179-0016	228	0	8
s5-0179-0017	232	0	1
s5-0179-0018	228	0	0
s5-0179-0019	230	0	2
s5-0179-0020	245	0	16
s5-0179-0021	31	0	8
s5-0179-0022	233	0	1
s5-0179-0023	238	0	5
s5-0179-0024	236	0	15
s5-0179-0025	238	0	32
s5-0179-0026	245	0	129
s5-0179-0027	230	0	0
s5-0179-0028	230	0	0
s5-0179-0029	235	0	0
s5-0179-0030	235	0	0
s5-0179-0031	238	0	0
s5-0180-0000	242	0	0
s5-0180-0001	239	0	1
s5-0180-0002	237	0	1
s5-0180-0003	234	0	1
s5-0180-0004	233	0	0
s5-0180-0005	230	0	0
s5-0180-0006	234	0	0
s5-0180-0007	234	0	0
s5-0180-0008	236	0	1
s5-0180-0009	237	0	3
s5-0180-0010	236	0	0
s5-0180-0011	238	0	0
s5-0180-0012	234	0	0
s5-0180-0013	235	0	0
s5-0180-0014	230	0	0
s5-0180-0015	31	0	0
s5-0180-0016	234	0	0
s5-0180-0017	228	0	0
s5-0180-0018	232	0	0
s5-0180-0019	234	0	0
s5-0180-0020	31	0	0
s5-0180-0021	244	0	0
s5-0180-0022	31	0	0
s5-0180-0023	32	0	0
s5-0180-0024	68	0	0
s5-0180-0025	30	0	6
s5-0180-0026	234	0	0
s5-0180-0027	233	0	0
s5-0180-0028	229	0	0
s5-0180-0029	31	0	0
s5-0180-0030	230	0	0
s5-0180-0031	30	0	0
s5-0181-0000	36	0	65
s5-0181-0001	32	0	5
s5-0181-0002	31	0	5
s5-0181-0003	31	0	0
s5-0181-0004	30	0	2
s5-0181-0005	31	0	1
s5-0181-0006	30	0	1
s5-0181-0007	30	0	0
s5-0181-0008	68	0	22
s5-0181-0009	224	0	0
s5-0181-0010	41	0	410
s5-0181-0011	32	0	21
s5-0181-0012	30	0	13
s5-0181-0013	31	0	0
s5-0181-0014	30	0	1
s5-0181-0015	233	0	0
s5-0181-0016	234	0	0
s5-0181-0017	30	0	0
s5-0181-0018	31	0	0
s5-0181-0019	30	0	0
s5-0181-0020	33	0	2
s5-0181-0021	32	0	0
s5-0181-0022	70	0	0
s5-0181-0023	31	0	0
s5-0181-0024	31	0	24
s5-0181-0025	31	0	2
s5-0181-0026	35	0	122
s5-0181-0027	31	0	0
s5-0181-0028	30	0	0
s5-0181-0029	227	0	0
s5-0181-0030	230	0	0
s5-0181-0031	33	0	0
s5-0182-0000	47	0	99
s5-0182-0001	39	0	12
s5-0182-0002	233	0	17
s5-0182-0003	32	0	4
s5-0182-0004	226	0	30
s5-0182-0005	225	0	0
s5-0182-0006	229	0	0
s5-0182-0007	67	0	0
s5-0182-0008	233	0	40
s5-0182-0009	234	0	3
s5-0182-0010	34	0	359
s5-0182-0011	32	0	37
s5-0182-0012	235	0	10
s5-0182-0013	236	0	9
s5-0182-0014	232	0	1
s5-0182-0015	230	0	0
s5-0182-0016	233	0	12
s5-0182-0017	232	0	17
s5-0182-0018	232	0	1
s5-0182-0019	234	0	2
s5-0182-0020	243	0	104
s5-0182-0021	263	0	726
s5-0182-0022	232	0	1
s5-0182-0023	234	0	18
s5-0182-0024	235	0	29
s5-0182-0025	231	0	3
s5-0182-0026	232	0	36
s5-0182-0027	230	0	3
s5-0182-0028	230	0	0
s5-0182-0029	235	0	0
s5-0182-0030	233	0	0
s5-0182-0031	234	0	0
s5-0183-0000	246	0	200
s5-0183-0001	237	0	30
s5-0183-0002	237	0	18
s5-0183-0003	31	0	5
s5-0183-0004	230	0	13
s5-0183-0005	230	0	14
s5-0183-0006	231	0	2
s5-0183-0007	231	0	1
s5-0183-0008	237	0	15
s5-0183-0009	31	0	1
s5-0183-0010	242	0	50
s5-0183-0011	33	0	3
s5-0183-0012	236	0	39
s5-0183-0013	236	0	29
s5-0183-0014	229	0	0
s5-0183-0015	30	0	0
s5-0183-0016	231	0	13
s5-0183-0017	30	0	4
s5-0183-0018	31	0	1
s5-0183-0019	227	0	1
s5-0183-0020	35	0	189
s5-0183-0021	33	0	57
s5-0183-0022	69	0	11
s5-0183-0023	32	0	1
s5-0183-0024	30	0	6
s5-0183-0025	30	0	1
s5-0183-0026	226	0	1
s5-0183-0027	31	0	0
s5-0183-0028	31	0	0
s5-0183-0029	30	0	0
s5-0183-0030	31	0	0
s5-0183-0031	31	0	0
s5-0184-0000	50	0	1
s5-0184-0001	50	0	2
s5-0184-0002	325	0	0
s5-0184-0003	87	0	0
s5-0184-0004	286	0	0
s5-0184-0005	40	0	0
s5-0184-0006	41	0	2
s5-0184-0007	38	0	0
s5-0184-0008	40	0	1
s5-0184-0009	39	0	0
s5-0184-0010	41	0	0
s5-0184-0011	40	0	1
s5-0184-0012	42	0	1
s5-0184-0013	41	0	0
s5-0184-0014	291	0	0
s5-0184-0015	290	0	0
s5-0184-0016	40	0	0
s5-0184-0017	39	0	0
s5-0184-0018	40	0	0
s5-0184-0019	282	0	0
s5-0184-0020	290	0	0
s5-0184-0021	85	0	0
s5-0184-0022	42	0	0
s5-0184-0023	288	0	0
s5-0184-0024	43	0	0
s5-0184-0025	43	0	0
s5-0184-0026	305	0	0
s5-0184-0027	304	0	0
s5-0184-0028	362	0	0
s5-0184-0029	362	0	0
s5-0184-0030	362	0	0
s5-0184-0031	361	0	0
s5-0185-0000	337	0	0
s5-0185-0001	334	0	0
s5-0185-0002	334	0	0
s5-0185-0003	328	0	0
s5-0185-0004	275	0	0
s5-0185-0005	288	0	0
s5-0185-0006	288	0	0
s5-0185-0007	285	0	0
s5-0185-0008	289	0	0
s5-0185-0009	288	0	0
s5-0185-0010	286	0	0
s5-0185-0011	294	0	0
s5-0185-0012	292	0	0
s5-0185-0013	297	0	0
s5-0185-0014	294	0	0
s5-0185-0015	300	0	0
s5-0185-0016	277	0	0
s5-0185-0017	280	0	0
s5-0185-0018	286	0	0
s5-0185-0019	40	0	0
s5-0185-0020	41	0	0
s5-0185-0021	299	0	0
s5-0185-0022	295	0	0
s5-0185-0023	41	0	0
s5-0185-0024	310	0	0
s5-0185-0025	308	0	0
s5-0185-0026	45	0	0
s5-0185-0027	309	0	0
s5-0185-0028	355	0	0
s5-0185-0029	52	0	0
s5-0185-0030	364	0	0
s5-0185-0031	54	0	0
s5-0186-0000	330	0	0
s5-0186-0001	333	0	0
s5-0186-0002	325	0	0
s5-0186-0003	321	0	0
s5-0186-0004	288	0	0
s5-0186-0005	40	0	0
s5-0186-0006	38	0	0
s5-0186-0007	39	0	0
s5-0186-0008	82	0	0
s5-0186-0009	40	0	0
s5-0186-0010	293	0	0
s5-0186-0011	39	0	0
s5-0186-0012	41	0	0
s5-0186-0013	41	0	0
s5-0186-0014	41	0	0
s5-0186-0015	42	0	0
s5-0186-0016	40	0	0
s5-0186-0017	38	0	0
s5-0186-0018	39	0	0
s5-0186-0019	38	0	0
s5-0186-0020	42	0	0
s5-0186-0021	42	0	0
s5-0186-0022	84	0	0
s5-0186-0023	42	0	0
s5-0186-0024	41	0	0
s5-0186-0025	42	0	0
s5-0186-0026	42	0	0
s5-0186-0027	44	0	0
s5-0186-0028	364	0	0
s5-0186-0029	54	0	0
s5-0186-0030	55	0	0
s5-0186-0031	54	0	0
s5-0187-0000	335	0	2
s5-0187-0001	48	0	1
s5-0187-0002	48	0	1
s5-0187-0003	49	0	0
s5-0187-0004	82	0	1
s5-0187-0005	40	0	0
s5-0187-0006	39	0	0
s5-0187-0007	38	0	0
s5-0187-0008	280	0	1
s5-0187-0009	281	0	0
s5-0187-0010	284	0	0
s5-0187-0011	40	0	0
s5-0187-0012	285	0	0
s5-0187-0013	42	0	0
s5-0187-0014	44	0	0
s5-0187-0015	289	0	0
s5-0187-0016	40	0	0
s5-0187-0017	40	0	0
s5-0187-0018	282	0	0
s5-0187-0019	287	0	0
s5-0187-0020	298	0	0
s5-0187-0021	41	0	0
s5-0187-0022	290	0	0
s5-0187-0023	290	0	0
s5-0187-0024	303	0	0
s5-0187-0025	306	0	0
s5-0187-0026	308	0	0
s5-0187-0027	308	0	0
s5-0187-0028	361	0	0
s5-0187-0029	53	0	0
s5-0187-0030	360	0	0
s5-0187-0031	365	0	0
s5-0188-0000	336	0	0
s5-0188-0001	330	0	0
s5-0188-0002	329	0	0
s5-0188-0003	330	0	0
s5-0188-0004	85	0	0
s5-0188-0005	285	0	2
s5-0188-0006	281	0	2
s5-0188-0007	41	0	0
s5-0188-0008	286	0	0
s5-0188-0009	40	0	0
s5-0188-0010	40	0	0
s5-0188-0011	42	0	0
s5-0188-0012	293	0	1
s5-0188-0013	287	0	0
s5-0188-0014	295	0	0
s5-0188-0015	40	0	0
s5-0188-0016	284	0	0
s5-0188-0017	282	0	0
s5-0188-0018	282	0	0
s5-0188-0019	283	0	0
s5-0188-0020	296	0	0
s5-0188-0021	41	0	0
s5-0188-0022	42	0	0
s5-0188-0023	285	0	0
s5-0188-0024	44	0	0
s5-0188-0025	300	0	0
s5-0188-0026	306	0	0
s5-0188-0027	43	0	0
s5-0188-0028	54	0	0
s5-0188-0029	353	0	0
s5-0188-0030	363	0	0
s5-0188-0031	358	0	0
s5-0189-0000	333	0	0
s5-0189-0001	331	0	0
s5-0189-0002	319	0	0
s5-0189-0003	47	0	0
s5-0189-0004	281	0	0
s5-0189-0005	285	0	0
s5-0189-0006	39	0	0
s5-0189-0007	82	0	0
s5-0189-0008	41	0	0
s5-0189-0009	40	0	0
s5-0189-0010	40	0	0
s5-0189-0011	41	0	0
s5-0189-0012	40	0	0
s5-0189-0013	41	0	0
s5-0189-0014	42	0	0
s5-0189-0015	42	0	0
s5-0189-0016	39	0	0
s5-0189-0017	40	0	0
s5-0189-0018	39	0	0
s5-0189-0019	39	0	0
s5-0189-0020	84	0	0
s5-0189-0021	42	0	0
s5-0189-0022	42	0	0
s5-0189-0023	41	0	0
s5-0189-0024	44	0	0
s5-0189-0025	42	0	0
s5-0189-0026	43	0	0
s5-0189-0027	44	0	0
s5-0189-0028	54	0	0
s5-0189-0029	357	0	0
s5-0189-0030	362	0	0
s5-0189-0031	54	0	0
s5-0190-0000	334	0	0
s5-0190-0001	50	0	0
s5-0190-0002	322	0	0
s5-0190-0003	326	0	0
s5-0190-0004	39	0	0
s5-0190-0005	39	0	0
s5-0190-0006	280	0	0
s5-0190-0007	82	0	0
s5-0190-0008	281	0	0
s5-0190-0009	40	0	0
s5-0190-0010	283	0	0
s5-0190-0011	282	0	0
s5-0190-0012	41	0	0
s5-0190-0013	294	0	0
s5-0190-0014	287	0	0
s5-0190-0015	40	0	0
s5-0190-0016	285	0	0
s5-0190-0017	41	0	0
s5-0190-0018	39	0	0
s5-0190-0019	280	0	0
s5-0190-0020	41	0	0
s5-0190-0021	299	0	0
s5-0190-0022	293	0	0
s5-0190-0023	292	0	0
s5-0190-0024	306	0	0
s5-0190-0025	303	0	0
s5-0190-0026	304	0	0
s5-0190-0027	44	0	0
s5-0190-0028	356	0	0
s5-0190-0029	364	0	0
s5-0190-0030	365	0	0
s5-0190-0031	354	0	0
s5-0191-0000	50	0	3
s5-0191-0001	333	0	0
s5-0191-0002	327	0	1
s5-0191-0003	329	0	0
s5-0191-0004	38	0	0
s5-0191-0005	40	0	0
s5-0191-0006	41	0	0
s5-0191-0007	283	0	0
s5-0191-0008	288	0	0
s5-0191-0009	290	0	1
s5-0191-0010	84	0	0
s5-0191-0011	290	0	0
s5-0191-0012	295	0	0
s5-0191-0013	291	0	0
s5-0191-0014	41	0	0
s5-0191-0015	42	0	0
s5-0191-0016	284	0	1
s5-0191-0017	280	0	0
s5-0191-0018	281	0	0
s5-0191-0019	281	0	0
s5-0191-0020	41	0	0
s5-0191-0021	304	0	0
s5-0191-0022	292	0	0
s5-0191-0023	42	0	0
s5-0191-0024	43	0	0
s5-0191-0025	45	0	0
s5-0191-0026	310	0	0
s5-0191-0027	295	0	0
s5-0191-0028	56	0	1
s5-0191-0029	54	0	0
s5-0191-0030	362	0	0
s5-0191-0031	362	0	0
s5-0192-0000	50	0	3
s5-0192-0001	49	0	0
s5-0192-0002	48	0	1
s5-0192-0003	326	0	0
s5-0192-0004	40	0	0
s5-0192-0005	82	0	0
s5-0192-0006	286	0	6
s5-0192-0007	287	0	2
s5-0192-0008	41	0	0
s5-0192-0009	39	0	0
s5-0192-0010	41	0	2
s5-0192-0011	40	0	0
s5-0192-0012	42	0	0
s5-0192-0013	41	0	0
s5-0192-0014	42	0	1
s5-0192-0015	43	0	1
s5-0192-0016	40	0	0
s5-0192-0017	38	0	0
s5-0192-0018	40	0	0
s5-0192-0019	83	0	0
s5-0192-0020	43	0	0
s5-0192-0021	43	0	2
s5-0192-0022	41	0	0
s5-0192-0023	285	0	0
s5-0192-0024	42	0	2
s5-0192-0025	44	0	0
s5-0192-0026	43	0	0
s5-0192-0027	298	0	0
s5-0192-0028	54	0	1
s5-0192-0029	360	0	0
s5-0192-0030	362	0	0
s5-0192-0031	358	0	0
s5-0193-0000	50	0	0
s5-0193-0001	328	0	0
s5-0193-0002	328	0	0
s5-0193-0003	330	0	0
s5-0193-0004	283	0	0
s5-0193-0005	283	0	0
s5-0193-0006	39	0	0
s5-0193-0007	281	0	0
s5-0193-0008	39	0	0
s5-0193-0009	40	0	0
s5-0193-0010	85	0	0
s5-0193-0011	40	0	0
s5-0193-0012	292	0	0
s5-0193-0013	291	0	0
s5-0193-0014	298	0	0
s5-0193-0015	294	0	0
s5-0193-0016	285	0	0
s5-0193-0017	39	0	0
s5-0193-0018	284	0	0
s5-0193-0019	285	0	0
s5-0193-0020	290	0	0
s5-0193-0021	297	0	0
s5-0193-0022	45	0	0
s5-0193-0023	41	0	0
s5-0193-0024	44	0	0
s5-0193-0025	44	0	0
s5-0193-0026	43	0	0
s5-0193-0027	305	0	0
s5-0193-0028	362	0	0
s5-0193-0029	363	0	0
s5-0193-0030	358	0	0
s5-0193-0031	364	0	0
s5-0194-0000	50	0	2
s5-0194-0001	331	0	0
s5-0194-0002	330	0	0
s5-0194-0003	326	0	0
s5-0194-0004	281	0	1
s5-0194-0005	284	0	0
s5-0194-0006	281	0	0
s5-0194-0007	286	0	0
s5-0194-0008	287	0	0
s5-0194-0009	39	0	0
s5-0194-0010	41	0	0
s5-0194-0011	41	0	2
s5-0194-0012	42	0	0
s5-0194-0013	293	0	0
s5-0194-0014	84	0	0
s5-0194-0015	296	0	0
s5-0194-0016	40	0	0
s5-0194-0017	279	0	0
s5-0194-0018	281	0	0
s5-0194-0019	282	0	0
s5-0194-0020	293	0	0
s5-0194-0021	292	0	0
s5-0194-0022	42	0	0
s5-0194-0023	40	0	0
s5-0194-0024	44	0	0
s5-0194-0025	306	0	0
s5-0194-0026	43	0	0
s5-0194-0027	44	0	0
s5-0194-0028	55	0	0
s5-0194-0029	364	0	0
s5-0194-0030	55	0	0
s5-0194-0031	53	0	0
s5-0195-0000	334	0	0
s5-0195-0001	50	0	1
s5-0195-0002	89	0	1
s5-0195-0003	48	0	0
s5-0195-0004	40	0	1
s5-0195-0005	285	0	1
s5-0195-0006	280	0	0
s5-0195-0007	40	0	0
s5-0195-0008	41	0	0
s5-0195-0009	40	0	0
s5-0195-0010	41	0	0
s5-0195-0011	42	0	0
s5-0195-0012	41	0	2
s5-0195-0013	44	0	0
s5-0195-0014	292	0	0
s5-0195-0015	42	0	0
s5-0195-0016	38	0	0
s5-0195-0017	40	0	1
s5-0195-0018	83	0	0
s5-0195-0019	40	0	0
s5-0195-0020	41	0	1
s5-0195-0021	288	0	0
s5-0195-0022	293	0	0
s5-0195-0023	289	0	0
s5-0195-0024	45	0	0
s5-0195-0025	299	0	0
s5-0195-0026	44	0	0
s5-0195-0027	42	0	0
s5-0195-0028	55	0	1
s5-0195-0029	55	0	0
s5-0195-0030	54	0	1
s5-0195-0031	362	0	0
s5-0196-0000	384	0	1539
s5-0196-0001	348	0	449
s5-0196-0002	359	0	984
s5-0196-0003	352	0	594
s5-0196-0004	303	0	390
s5-0196-0005	298	0	158
s5-0196-0006	294	0	133
s5-0196-0007	292	0	173
s5-0196-0008	310	0	678
s5-0196-0009	301	0	166
s5-0196-0010	157	0	386
s5-0196-0011	43	0	296
s5-0196-0012	52	0	927
s5-0196-0013	314	0	457
s5-0196-0014	313	0	388
s5-0196-0015	314	0	517
s5-0196-0016	286	0	365
s5-0196-0017	287	0	110
s5-0196-0018	290	0	432
s5-0196-0019	298	0	405
s5-0196-0020	338	0	1433
s5-0196-0021	311	0	430
s5-0196-0022	294	0	154
s5-0196-0023	294	0	259
s5-0196-0024	305	0	117
s5-0196-0025	310	0	32
s5-0196-0026	309	0	106
s5-0196-0027	318	0	130
s5-0196-0028	364	0	139
s5-0196-0029	360	0	37
s5-0196-0030	357	0	6
s5-0196-0031	356	0	6
s5-0197-0000	360	0	862
s5-0197-0001	338	0	192
s5-0197-0002	345	0	477
s5-0197-0003	330	0	74
s5-0197-0004	292	0	192
s5-0197-0005	287	0	57
s5-0197-0006	289	0	43
s5-0197-0007	286	0	14
s5-0197-0008	297	0	402
s5-0197-0009	291	0	99
s5-0197-0010	301	0	185
s5-0197-0011	287	0	52
s5-0197-0012	312	0	508
s5-0197-0013	304	0	251
s5-0197-0014	307	0	148
s5-0197-0015	302	0	91
s5-0197-0016	283	0	181
s5-0197-0017	287	0	56
s5-0197-0018	289	0	185
s5-0197-0019	281	0	70
s5-0197-0020	325	0	1011
s5-0197-0021	308	0	284
s5-0197-0022	296	0	101
s5-0197-0023	288	0	2
s5-0197-0024	311	0	64
s5-0197-0025	307	0	32
s5-0197-0026	311	0	51
s5-0197-0027	311	0	57
s5-0197-0028	367	0	65
s5-0197-0029	54	0	19
s5-0197-0030	56	0	1
s5-0197-0031	56	0	1
